series_id,naics4,year,hours_million
IPUAN1111__L200000000,1111,1987,1282.325
IPUAN1111__L200000000,1111,1988,1246.252
IPUAN1111__L200000000,1111,1989,1230.045
IPUAN1111__L200000000,1111,1990,1158.567
IPUAN1111__L200000000,1111,1991,1136.56
IPUAN1111__L200000000,1111,1992,1120.728
IPUAN1111__L200000000,1111,1993,1067.35
IPUAN1111__L200000000,1111,1994,980.683
IPUAN1111__L200000000,1111,1995,1041.092
IPUAN1111__L200000000,1111,1996,1026.392
IPUAN1111__L200000000,1111,1997,1171.065
IPUAN1111__L200000000,1111,1998,1031.21
IPUAN1111__L200000000,1111,1999,976.11
IPUAN1111__L200000000,1111,2000,979.175
IPUAN1111__L200000000,1111,2001,945.843
IPUAN1111__L200000000,1111,2002,966.74
IPUAN1111__L200000000,1111,2003,937.917
IPUAN1111__L200000000,1111,2004,1010.385
IPUAN1111__L200000000,1111,2005,931.038
IPUAN1111__L200000000,1111,2006,845.577
IPUAN1112__L200000000,1112,1987,223.066
IPUAN1112__L200000000,1112,1988,222.139
IPUAN1112__L200000000,1112,1989,222.677
IPUAN1112__L200000000,1112,1990,214.052
IPUAN1112__L200000000,1112,1991,214.668
IPUAN1112__L200000000,1112,1992,210.538
IPUAN1112__L200000000,1112,1993,204.749
IPUAN1112__L200000000,1112,1994,197.695
IPUAN1112__L200000000,1112,1995,211.082
IPUAN1112__L200000000,1112,1996,208.814
IPUAN1112__L200000000,1112,1997,221.569
IPUAN1112__L200000000,1112,1998,225.692
IPUAN1112__L200000000,1112,1999,240.586
IPUAN1112__L200000000,1112,2000,235.495
IPUAN1112__L200000000,1112,2001,224.998
IPUAN1112__L200000000,1112,2002,225.082
IPUAN1112__L200000000,1112,2003,239.46
IPUAN1112__L200000000,1112,2004,257.934
IPUAN1112__L200000000,1112,2005,252.232
IPUAN1112__L200000000,1112,2006,235.487
IPUAN1113__L200000000,1113,1987,449.807
IPUAN1113__L200000000,1113,1988,449.22
IPUAN1113__L200000000,1113,1989,449.302
IPUAN1113__L200000000,1113,1990,432.196
IPUAN1113__L200000000,1113,1991,445.107
IPUAN1113__L200000000,1113,1992,435.577
IPUAN1113__L200000000,1113,1993,415.955
IPUAN1113__L200000000,1113,1994,399.422
IPUAN1113__L200000000,1113,1995,419.005
IPUAN1113__L200000000,1113,1996,408.265
IPUAN1113__L200000000,1113,1997,426.15
IPUAN1113__L200000000,1113,1998,434.993
IPUAN1113__L200000000,1113,1999,477.611
IPUAN1113__L200000000,1113,2000,471.151
IPUAN1113__L200000000,1113,2001,450.053
IPUAN1113__L200000000,1113,2002,455.253
IPUAN1113__L200000000,1113,2003,446.541
IPUAN1113__L200000000,1113,2004,473.874
IPUAN1113__L200000000,1113,2005,489.381
IPUAN1113__L200000000,1113,2006,473.418
IPUAN1114__L200000000,1114,1987,333.274
IPUAN1114__L200000000,1114,1988,337.881
IPUAN1114__L200000000,1114,1989,344.847
IPUAN1114__L200000000,1114,1990,336.956
IPUAN1114__L200000000,1114,1991,349.729
IPUAN1114__L200000000,1114,1992,346.774
IPUAN1114__L200000000,1114,1993,340.212
IPUAN1114__L200000000,1114,1994,334.324
IPUAN1114__L200000000,1114,1995,358.812
IPUAN1114__L200000000,1114,1996,355.464
IPUAN1114__L200000000,1114,1997,377.814
IPUAN1114__L200000000,1114,1998,391.035
IPUAN1114__L200000000,1114,1999,433.388
IPUAN1114__L200000000,1114,2000,439.981
IPUAN1114__L200000000,1114,2001,420.943
IPUAN1114__L200000000,1114,2002,422.495
IPUAN1114__L200000000,1114,2003,384.107
IPUAN1114__L200000000,1114,2004,385.108
IPUAN1114__L200000000,1114,2005,340.116
IPUAN1114__L200000000,1114,2006,337.7
IPUAN1119__L200000000,1119,1987,1020.863
IPUAN1119__L200000000,1119,1988,1008.419
IPUAN1119__L200000000,1119,1989,1004.024
IPUAN1119__L200000000,1119,1990,959.417
IPUAN1119__L200000000,1119,1991,967.761
IPUAN1119__L200000000,1119,1992,948.326
IPUAN1119__L200000000,1119,1993,909.452
IPUAN1119__L200000000,1119,1994,845.185
IPUAN1119__L200000000,1119,1995,887.446
IPUAN1119__L200000000,1119,1996,873.346
IPUAN1119__L200000000,1119,1997,831.953
IPUAN1119__L200000000,1119,1998,935.525
IPUAN1119__L200000000,1119,1999,935.236
IPUAN1119__L200000000,1119,2000,766.119
IPUAN1119__L200000000,1119,2001,803.995
IPUAN1119__L200000000,1119,2002,703.859
IPUAN1119__L200000000,1119,2003,633.817
IPUAN1119__L200000000,1119,2004,786.024
IPUAN1119__L200000000,1119,2005,720.997
IPUAN1119__L200000000,1119,2006,771.889
IPUAN1121__L200000000,1121,1987,2788.057
IPUAN1121__L200000000,1121,1988,2705.863
IPUAN1121__L200000000,1121,1989,2658.037
IPUAN1121__L200000000,1121,1990,2557.547
IPUAN1121__L200000000,1121,1991,2544.952
IPUAN1121__L200000000,1121,1992,2459.891
IPUAN1121__L200000000,1121,1993,2397.134
IPUAN1121__L200000000,1121,1994,2232.789
IPUAN1121__L200000000,1121,1995,2289.281
IPUAN1121__L200000000,1121,1996,2154.875
IPUAN1121__L200000000,1121,1997,2115.258
IPUAN1121__L200000000,1121,1998,2053.151
IPUAN1121__L200000000,1121,1999,2293.212
IPUAN1121__L200000000,1121,2000,2251.282
IPUAN1121__L200000000,1121,2001,1987.246
IPUAN1121__L200000000,1121,2002,1889.628
IPUAN1121__L200000000,1121,2003,1909.55
IPUAN1121__L200000000,1121,2004,2026.234
IPUAN1121__L200000000,1121,2005,1941.07
IPUAN1121__L200000000,1121,2006,1954.363
IPUAN1122__L200000000,1122,1987,407.801
IPUAN1122__L200000000,1122,1988,387.922
IPUAN1122__L200000000,1122,1989,373.621
IPUAN1122__L200000000,1122,1990,351.925
IPUAN1122__L200000000,1122,1991,342.346
IPUAN1122__L200000000,1122,1992,322.896
IPUAN1122__L200000000,1122,1993,299.869
IPUAN1122__L200000000,1122,1994,266.933
IPUAN1122__L200000000,1122,1995,255.855
IPUAN1122__L200000000,1122,1996,227.799
IPUAN1122__L200000000,1122,1997,170.72
IPUAN1122__L200000000,1122,1998,215.504
IPUAN1122__L200000000,1122,1999,166.248
IPUAN1122__L200000000,1122,2000,140.092
IPUAN1122__L200000000,1122,2001,127.783
IPUAN1122__L200000000,1122,2002,117.387
IPUAN1122__L200000000,1122,2003,90.223
IPUAN1122__L200000000,1122,2004,121.812
IPUAN1122__L200000000,1122,2005,99.412
IPUAN1122__L200000000,1122,2006,82.947
IPUAN1123__L200000000,1123,1987,197.035
IPUAN1123__L200000000,1123,1988,191.295
IPUAN1123__L200000000,1123,1989,189.456
IPUAN1123__L200000000,1123,1990,182.365
IPUAN1123__L200000000,1123,1991,182.767
IPUAN1123__L200000000,1123,1992,177.477
IPUAN1123__L200000000,1123,1993,182.205
IPUAN1123__L200000000,1123,1994,178.18
IPUAN1123__L200000000,1123,1995,189.793
IPUAN1123__L200000000,1123,1996,186.556
IPUAN1123__L200000000,1123,1997,170.302
IPUAN1123__L200000000,1123,1998,183.115
IPUAN1123__L200000000,1123,1999,201.992
IPUAN1123__L200000000,1123,2000,167.307
IPUAN1123__L200000000,1123,2001,179.238
IPUAN1123__L200000000,1123,2002,185.038
IPUAN1123__L200000000,1123,2003,160.149
IPUAN1123__L200000000,1123,2004,176.924
IPUAN1123__L200000000,1123,2005,203.795
IPUAN1123__L200000000,1123,2006,184.789
IPUAN1124__L200000000,1124,1987,70.914
IPUAN1124__L200000000,1124,1988,68.745
IPUAN1124__L200000000,1124,1989,67.382
IPUAN1124__L200000000,1124,1990,64.762
IPUAN1124__L200000000,1124,1991,64.179
IPUAN1124__L200000000,1124,1992,61.636
IPUAN1124__L200000000,1124,1993,60.175
IPUAN1124__L200000000,1124,1994,57.316
IPUAN1124__L200000000,1124,1995,58.421
IPUAN1124__L200000000,1124,1996,54.852
IPUAN1124__L200000000,1124,1997,62.265
IPUAN1124__L200000000,1124,1998,63.584
IPUAN1124__L200000000,1124,1999,68.556
IPUAN1124__L200000000,1124,2000,72.77
IPUAN1124__L200000000,1124,2001,69.62
IPUAN1124__L200000000,1124,2002,72.571
IPUAN1124__L200000000,1124,2003,85.756
IPUAN1124__L200000000,1124,2004,94.872
IPUAN1124__L200000000,1124,2005,87.729
IPUAN1124__L200000000,1124,2006,85.287
IPUAN1125__L200000000,1125,1987,20.998
IPUAN1125__L200000000,1125,1988,20.495
IPUAN1125__L200000000,1125,1989,20.791
IPUAN1125__L200000000,1125,1990,20.04
IPUAN1125__L200000000,1125,1991,20.971
IPUAN1125__L200000000,1125,1992,20.045
IPUAN1125__L200000000,1125,1993,20.312
IPUAN1125__L200000000,1125,1994,20.971
IPUAN1125__L200000000,1125,1995,21.854
IPUAN1125__L200000000,1125,1996,21.692
IPUAN1125__L200000000,1125,1997,22.289
IPUAN1125__L200000000,1125,1998,23.885
IPUAN1125__L200000000,1125,1999,27.376
IPUAN1125__L200000000,1125,2000,30.195
IPUAN1125__L200000000,1125,2001,30.283
IPUAN1125__L200000000,1125,2002,32.721
IPUAN1125__L200000000,1125,2003,33.344
IPUAN1125__L200000000,1125,2004,32.636
IPUAN1125__L200000000,1125,2005,30.348
IPUAN1125__L200000000,1125,2006,29.098
IPUAN1129__L200000000,1129,1987,324.724
IPUAN1129__L200000000,1129,1988,315.727
IPUAN1129__L200000000,1129,1989,309.767
IPUAN1129__L200000000,1129,1990,298.653
IPUAN1129__L200000000,1129,1991,298.291
IPUAN1129__L200000000,1129,1992,290.637
IPUAN1129__L200000000,1129,1993,272.412
IPUAN1129__L200000000,1129,1994,244.332
IPUAN1129__L200000000,1129,1995,243.577
IPUAN1129__L200000000,1129,1996,220.145
IPUAN1129__L200000000,1129,1997,242.097
IPUAN1129__L200000000,1129,1998,267.179
IPUAN1129__L200000000,1129,1999,308.91
IPUAN1129__L200000000,1129,2000,343.864
IPUAN1129__L200000000,1129,2001,350.605
IPUAN1129__L200000000,1129,2002,389.29
IPUAN1129__L200000000,1129,2003,429.735
IPUAN1129__L200000000,1129,2004,446.669
IPUAN1129__L200000000,1129,2005,385.993
IPUAN1129__L200000000,1129,2006,357.511
