recipient_name,recipient_role,sec_cik,sec_ticker,sec_title,fiscal_year,subaward_rows_primary_year,subaward_amount_primary_year_usd,prime_transaction_rows_primary_year,prime_transaction_amount_primary_year_usd,net_income_usd,operating_cash_flow_usd,capex_raw_usd,debt_proceeds_usd,debt_repayments_raw_usd,common_dividends_raw_usd,cash_balance_usd,capex_outflow_scale_usd,debt_repayment_scale_usd,debt_net_issuance_scale_usd
908 DEVICES INC,downstream_subaward,0001555279,MASS,908 Devices Inc.,2021,3,205150.0,0,0.0,-12819000.0,4131000.0,9000.0,,,,159227000.0,9000.0,,
908 DEVICES INC,downstream_subaward,0001555279,MASS,908 Devices Inc.,2022,3,205150.0,0,0.0,-22169000.0,-29082000.0,737000.0,,,,224073000.0,737000.0,,
908 DEVICES INC,downstream_subaward,0001555279,MASS,908 Devices Inc.,2023,3,205150.0,0,0.0,-33563000.0,-20930000.0,2045000.0,,,,188422000.0,2045000.0,,
908 DEVICES INC,downstream_subaward,0001555279,MASS,908 Devices Inc.,2024,3,205150.0,0,0.0,-36399000.0,-25059000.0,2045000.0,,,,121041000.0,2045000.0,,
AGILENT TECHNOLOGIES INC,downstream_subaward,0001090872,A,"AGILENT TECHNOLOGIES, INC.",2010,2,239967.16,0,0.0,,756000000.0,154000000.0,16000000.0,,,1826000000.0,154000000.0,,
AGILENT TECHNOLOGIES INC,downstream_subaward,0001090872,A,"AGILENT TECHNOLOGIES, INC.",2011,2,239967.16,0,0.0,,408000000.0,128000000.0,,,,1405000000.0,128000000.0,,
AGILENT TECHNOLOGIES INC,downstream_subaward,0001090872,A,"AGILENT TECHNOLOGIES, INC.",2012,2,239967.16,0,0.0,,718000000.0,121000000.0,,,0.0,2479000000.0,121000000.0,,
AGILENT TECHNOLOGIES INC,downstream_subaward,0001090872,A,"AGILENT TECHNOLOGIES, INC.",2013,2,239967.16,0,0.0,,1260000000.0,188000000.0,,,0.0,2649000000.0,188000000.0,,
AGILENT TECHNOLOGIES INC,downstream_subaward,0001090872,A,"AGILENT TECHNOLOGIES, INC.",2014,2,239967.16,0,0.0,,1228000000.0,194000000.0,,,104000000.0,3527000000.0,194000000.0,,
AGILENT TECHNOLOGIES INC,downstream_subaward,0001090872,A,"AGILENT TECHNOLOGIES, INC.",2015,2,239967.16,0,0.0,,1152000000.0,195000000.0,,,156000000.0,2218000000.0,195000000.0,,
AGILENT TECHNOLOGIES INC,downstream_subaward,0001090872,A,"AGILENT TECHNOLOGIES, INC.",2016,2,239967.16,0,0.0,,731000000.0,205000000.0,,,176000000.0,2003000000.0,205000000.0,,
AGILENT TECHNOLOGIES INC,downstream_subaward,0001090872,A,"AGILENT TECHNOLOGIES, INC.",2017,2,239967.16,0,0.0,,512000000.0,98000000.0,,,133000000.0,2003000000.0,98000000.0,,
AGILENT TECHNOLOGIES INC,downstream_subaward,0001090872,A,"AGILENT TECHNOLOGIES, INC.",2018,2,239967.16,0,0.0,,793000000.0,139000000.0,,,150000000.0,2003000000.0,139000000.0,,
AGILENT TECHNOLOGIES INC,downstream_subaward,0001090872,A,"AGILENT TECHNOLOGIES, INC.",2019,2,239967.16,0,0.0,,889000000.0,176000000.0,,,170000000.0,2678000000.0,176000000.0,,
AGILENT TECHNOLOGIES INC,downstream_subaward,0001090872,A,"AGILENT TECHNOLOGIES, INC.",2020,2,239967.16,0,0.0,,1087000000.0,177000000.0,,,191000000.0,2247000000.0,177000000.0,,
AGILENT TECHNOLOGIES INC,downstream_subaward,0001090872,A,"AGILENT TECHNOLOGIES, INC.",2021,2,239967.16,0,0.0,,1021000000.0,155000000.0,,,206000000.0,1382000000.0,155000000.0,,
AGILENT TECHNOLOGIES INC,downstream_subaward,0001090872,A,"AGILENT TECHNOLOGIES, INC.",2022,2,239967.16,0,0.0,719000000.0,921000000.0,119000000.0,,,222000000.0,1441000000.0,119000000.0,,
AGILENT TECHNOLOGIES INC,downstream_subaward,0001090872,A,"AGILENT TECHNOLOGIES, INC.",2023,2,239967.16,0,0.0,1210000000.0,1485000000.0,188000000.0,848000000.0,417000000.0,236000000.0,1484000000.0,188000000.0,417000000.0,431000000.0
AGILENT TECHNOLOGIES INC,downstream_subaward,0001090872,A,"AGILENT TECHNOLOGIES, INC.",2024,2,239967.16,0,0.0,1254000000.0,1312000000.0,291000000.0,600000000.0,609000000.0,250000000.0,1053000000.0,291000000.0,609000000.0,-9000000.0
AVNET INC,downstream_subaward,0000008858,AVT,AVNET INC,2010,1,101440.06,0,0.0,489578000.0,453617000.0,89657000.0,,,,557350000.0,89657000.0,,
AVNET INC,downstream_subaward,0000008858,AVT,AVNET INC,2011,1,101440.06,0,0.0,-1129712000.0,1118035000.0,110219000.0,,,,640449000.0,110219000.0,,
AVNET INC,downstream_subaward,0000008858,AVT,AVNET INC,2012,1,101440.06,0,0.0,410370000.0,-30415000.0,66888000.0,,,,943921000.0,66888000.0,,
AVNET INC,downstream_subaward,0000008858,AVT,AVNET INC,2013,1,101440.06,0,0.0,669069000.0,278079000.0,148707000.0,,,,1092102000.0,148707000.0,,
AVNET INC,downstream_subaward,0000008858,AVT,AVNET INC,2014,1,101440.06,0,0.0,567019000.0,528718000.0,128652000.0,,,0.0,675334000.0,128652000.0,,
AVNET INC,downstream_subaward,0000008858,AVT,AVNET INC,2015,1,101440.06,0,0.0,,,97379000.0,,,82755000.0,1006864000.0,97379000.0,,
AVNET INC,downstream_subaward,0000008858,AVT,AVNET INC,2016,1,101440.06,0,0.0,,,123242000.0,,,82755000.0,1009343000.0,123242000.0,,
AVNET INC,downstream_subaward,0000008858,AVT,AVNET INC,2017,1,101440.06,0,0.0,,583883000.0,133356000.0,,,87330000.0,928971000.0,133356000.0,,
AVNET INC,downstream_subaward,0000008858,AVT,AVNET INC,2018,1,101440.06,0,0.0,506531000.0,224315000.0,137375000.0,,,88594000.0,836384000.0,137375000.0,,
AVNET INC,downstream_subaward,0000008858,AVT,AVNET INC,2019,1,101440.06,0,0.0,525278000.0,-368691000.0,120397000.0,,,88657000.0,621125000.0,120397000.0,,
AVNET INC,downstream_subaward,0000008858,AVT,AVNET INC,2020,1,101440.06,0,0.0,-156424000.0,253485000.0,155873000.0,,,88255000.0,546105000.0,155873000.0,,
AVNET INC,downstream_subaward,0000008858,AVT,AVNET INC,2021,1,101440.06,0,0.0,176337000.0,534770000.0,122690000.0,,,87158000.0,477038000.0,122690000.0,,
AVNET INC,downstream_subaward,0000008858,AVT,AVNET INC,2022,1,101440.06,0,0.0,-31081000.0,730182000.0,73516000.0,,,83975000.0,199691000.0,73516000.0,,
AVNET INC,downstream_subaward,0000008858,AVT,AVNET INC,2023,1,101440.06,0,0.0,193114000.0,90949000.0,50363000.0,,,84309000.0,153693000.0,50363000.0,,
AVNET INC,downstream_subaward,0000008858,AVT,AVNET INC,2024,1,101440.06,0,0.0,692379000.0,-219310000.0,48900000.0,,,98490000.0,288230000.0,48900000.0,,
CADENCE DESIGN SYSTEMS INC,downstream_subaward,0000813672,CDNS,CADENCE DESIGN SYSTEMS INC,2010,0,0.0,0,0.0,-1856715000.0,70286000.0,97290000.0,,,,1062920000.0,97290000.0,,
CADENCE DESIGN SYSTEMS INC,downstream_subaward,0000813672,CDNS,CADENCE DESIGN SYSTEMS INC,2011,0,0.0,0,0.0,-149871000.0,25637000.0,41308000.0,,,,568255000.0,41308000.0,,
CADENCE DESIGN SYSTEMS INC,downstream_subaward,0000813672,CDNS,CADENCE DESIGN SYSTEMS INC,2012,0,0.0,0,0.0,126538000.0,199143000.0,34782000.0,,,,569115000.0,34782000.0,,
CADENCE DESIGN SYSTEMS INC,downstream_subaward,0000813672,CDNS,CADENCE DESIGN SYSTEMS INC,2013,0,0.0,0,0.0,72229000.0,240342000.0,31421000.0,,,,557409000.0,31421000.0,,
CADENCE DESIGN SYSTEMS INC,downstream_subaward,0000813672,CDNS,CADENCE DESIGN SYSTEMS INC,2014,0,0.0,0,0.0,439948000.0,315994000.0,35966000.0,,,,601602000.0,35966000.0,,
CADENCE DESIGN SYSTEMS INC,downstream_subaward,0000813672,CDNS,CADENCE DESIGN SYSTEMS INC,2015,0,0.0,0,0.0,164243000.0,367605000.0,44929000.0,,,,726357000.0,44929000.0,,
CADENCE DESIGN SYSTEMS INC,downstream_subaward,0000813672,CDNS,CADENCE DESIGN SYSTEMS INC,2016,0,0.0,0,0.0,158898000.0,316722000.0,39810000.0,,,,536260000.0,39810000.0,,
CADENCE DESIGN SYSTEMS INC,downstream_subaward,0000813672,CDNS,CADENCE DESIGN SYSTEMS INC,2017,0,0.0,0,0.0,252417000.0,378200000.0,44808000.0,,,,932161000.0,44808000.0,,
CADENCE DESIGN SYSTEMS INC,downstream_subaward,0000813672,CDNS,CADENCE DESIGN SYSTEMS INC,2018,0,0.0,0,0.0,203086000.0,444879000.0,53712000.0,,,,616686000.0,53712000.0,,
CADENCE DESIGN SYSTEMS INC,downstream_subaward,0000813672,CDNS,CADENCE DESIGN SYSTEMS INC,2019,0,0.0,0,0.0,204101000.0,470740000.0,57901000.0,,,,465232000.0,57901000.0,,
CADENCE DESIGN SYSTEMS INC,downstream_subaward,0000813672,CDNS,CADENCE DESIGN SYSTEMS INC,2020,0,0.0,0,0.0,345777000.0,604751000.0,61503000.0,,,,688087000.0,61503000.0,,
CADENCE DESIGN SYSTEMS INC,downstream_subaward,0000813672,CDNS,CADENCE DESIGN SYSTEMS INC,2021,0,0.0,0,0.0,988979000.0,729600000.0,74605000.0,,,,533298000.0,74605000.0,,
CADENCE DESIGN SYSTEMS INC,downstream_subaward,0000813672,CDNS,CADENCE DESIGN SYSTEMS INC,2022,0,0.0,0,0.0,590644000.0,904922000.0,94813000.0,,,,1088940000.0,94813000.0,,
CADENCE DESIGN SYSTEMS INC,downstream_subaward,0000813672,CDNS,CADENCE DESIGN SYSTEMS INC,2023,0,0.0,0,0.0,695955000.0,1100958000.0,65298000.0,,,,882325000.0,65298000.0,,
CADENCE DESIGN SYSTEMS INC,downstream_subaward,0000813672,CDNS,CADENCE DESIGN SYSTEMS INC,2024,0,0.0,0,0.0,848952000.0,1241894000.0,123215000.0,,,,1008152000.0,123215000.0,,
CATERPILLAR INC,downstream_subaward,0000018230,CAT,CATERPILLAR INC,2010,0,0.0,0,0.0,3557000000.0,4672000000.0,,,,953000000.0,,,,
CATERPILLAR INC,downstream_subaward,0000018230,CAT,CATERPILLAR INC,2011,0,0.0,0,0.0,,,,,,1029000000.0,,,,
CATERPILLAR INC,downstream_subaward,0000018230,CAT,CATERPILLAR INC,2012,0,0.0,0,0.0,,,,,,1084000000.0,,,,
CATERPILLAR INC,downstream_subaward,0000018230,CAT,CATERPILLAR INC,2013,0,0.0,0,0.0,,,,,,1159000000.0,,,,
CATERPILLAR INC,downstream_subaward,0000018230,CAT,CATERPILLAR INC,2014,0,0.0,0,0.0,,,,,,1617000000.0,,,,
CATERPILLAR INC,downstream_subaward,0000018230,CAT,CATERPILLAR INC,2015,0,0.0,0,0.0,,,,,,1111000000.0,,,,
CATERPILLAR INC,downstream_subaward,0000018230,CAT,CATERPILLAR INC,2016,0,0.0,0,0.0,,,,,,1620000000.0,,,,
CATERPILLAR INC,downstream_subaward,0000018230,CAT,CATERPILLAR INC,2017,0,0.0,0,0.0,,,,,,1757000000.0,,,,
CATERPILLAR INC,downstream_subaward,0000018230,CAT,CATERPILLAR INC,2018,0,0.0,0,0.0,,,,,,1799000000.0,,,,
CATERPILLAR INC,downstream_subaward,0000018230,CAT,CATERPILLAR INC,2019,0,0.0,0,0.0,,5706000000.0,,,,1831000000.0,,,,
CATERPILLAR INC,downstream_subaward,0000018230,CAT,CATERPILLAR INC,2020,0,0.0,0,0.0,,6558000000.0,1276000000.0,,,1951000000.0,,1276000000.0,,
CATERPILLAR INC,downstream_subaward,0000018230,CAT,CATERPILLAR INC,2021,0,0.0,0,0.0,,6912000000.0,1056000000.0,,,2132000000.0,9352000000.0,1056000000.0,,
CATERPILLAR INC,downstream_subaward,0000018230,CAT,CATERPILLAR INC,2022,0,0.0,0,0.0,,6327000000.0,978000000.0,,,2243000000.0,9254000000.0,978000000.0,,
CATERPILLAR INC,downstream_subaward,0000018230,CAT,CATERPILLAR INC,2023,0,0.0,0,0.0,,7198000000.0,1093000000.0,,,2332000000.0,7004000000.0,1093000000.0,,
CATERPILLAR INC,downstream_subaward,0000018230,CAT,CATERPILLAR INC,2024,0,0.0,0,0.0,,7766000000.0,1296000000.0,,,2440000000.0,6978000000.0,1296000000.0,,
"GARTNER, INC.",downstream_subaward,0000749251,IT,GARTNER INC,2010,3,406844.26,0,0.0,103871000.0,184350000.0,,180000000.0,157750000.0,,109945000.0,,157750000.0,22250000.0
"GARTNER, INC.",downstream_subaward,0000749251,IT,GARTNER INC,2011,3,406844.26,0,0.0,82964000.0,161937000.0,,78000000.0,165250000.0,,140929000.0,,165250000.0,-87250000.0
"GARTNER, INC.",downstream_subaward,0000749251,IT,GARTNER INC,2012,3,406844.26,0,0.0,96285000.0,205499000.0,,200000000.0,313627000.0,,116574000.0,,313627000.0,-113627000.0
"GARTNER, INC.",downstream_subaward,0000749251,IT,GARTNER INC,2013,3,406844.26,0,0.0,136902000.0,255566000.0,,0.0,20156000.0,,120181000.0,,20156000.0,-20156000.0
"GARTNER, INC.",downstream_subaward,0000749251,IT,GARTNER INC,2014,3,406844.26,0,0.0,165903000.0,279813000.0,,35000000.0,30000000.0,,142739000.0,,30000000.0,5000000.0
"GARTNER, INC.",downstream_subaward,0000749251,IT,GARTNER INC,2015,3,406844.26,0,0.0,182801000.0,315654000.0,,205625000.0,205625000.0,,299852000.0,,205625000.0,0.0
"GARTNER, INC.",downstream_subaward,0000749251,IT,GARTNER INC,2016,3,406844.26,0,0.0,183766000.0,346779000.0,,400000000.0,200000000.0,,423990000.0,,200000000.0,200000000.0
"GARTNER, INC.",downstream_subaward,0000749251,IT,GARTNER INC,2017,3,406844.26,0,0.0,175635000.0,345561000.0,,440000000.0,20000000.0,,474233000.0,,20000000.0,420000000.0
"GARTNER, INC.",downstream_subaward,0000749251,IT,GARTNER INC,2018,3,406844.26,0,0.0,193582000.0,365632000.0,,715000000.0,835000000.0,,372976000.0,,835000000.0,-120000000.0
"GARTNER, INC.",downstream_subaward,0000749251,IT,GARTNER INC,2019,3,406844.26,0,0.0,3279000.0,254517000.0,,3025000000.0,404438000.0,,474233000.0,,404438000.0,2620562000.0
"GARTNER, INC.",downstream_subaward,0000749251,IT,GARTNER INC,2020,3,406844.26,0,0.0,122456000.0,471158000.0,,0.0,570972000.0,,538908000.0,,570972000.0,-570972000.0
"GARTNER, INC.",downstream_subaward,0000749251,IT,GARTNER INC,2021,3,406844.26,0,0.0,233290000.0,565436000.0,,5000000.0,102579000.0,,156368000.0,,102579000.0,-97579000.0
"GARTNER, INC.",downstream_subaward,0000749251,IT,GARTNER INC,2022,3,406844.26,0,0.0,266745000.0,903278000.0,,2000000000.0,2058469000.0,,280836000.0,,2058469000.0,-58469000.0
"GARTNER, INC.",downstream_subaward,0000749251,IT,GARTNER INC,2023,3,406844.26,0,0.0,793560000.0,1312470000.0,,600000000.0,107915000.0,,712583000.0,,107915000.0,492085000.0
"GARTNER, INC.",downstream_subaward,0000749251,IT,GARTNER INC,2024,3,406844.26,0,0.0,807799000.0,1101422000.0,,,5931000.0,,756493000.0,,5931000.0,
GRAHAM CORP,downstream_subaward,0000716314,GHM,GRAHAM CORP,2011,0,0.0,0,0.0,6361000.0,30270000.0,1003000.0,822000.0,861000.0,788000.0,5150000.0,1003000.0,861000.0,-39000.0
GRAHAM CORP,downstream_subaward,0000716314,GHM,GRAHAM CORP,2012,0,0.0,0,0.0,5874000.0,-10369000.0,1979000.0,,,790000.0,4530000.0,1979000.0,,
GRAHAM CORP,downstream_subaward,0000716314,GHM,GRAHAM CORP,2014,0,0.0,0,0.0,10553000.0,,3243000.0,,,793000.0,19565000.0,3243000.0,,
GRAHAM CORP,downstream_subaward,0000716314,GHM,GRAHAM CORP,2015,0,0.0,0,0.0,11148000.0,,1655000.0,,,899000.0,25189000.0,1655000.0,,
GRAHAM CORP,downstream_subaward,0000716314,GHM,GRAHAM CORP,2016,0,0.0,0,0.0,10145000.0,,5263000.0,,,1308000.0,24194000.0,5263000.0,,
GRAHAM CORP,downstream_subaward,0000716314,GHM,GRAHAM CORP,2017,0,0.0,0,0.0,14735000.0,,5300000.0,,,2026000.0,32146000.0,5300000.0,,
GRAHAM CORP,downstream_subaward,0000716314,GHM,GRAHAM CORP,2018,0,0.0,0,0.0,6131000.0,,1153000.0,,,3296000.0,27271000.0,1153000.0,,
GRAHAM CORP,downstream_subaward,0000716314,GHM,GRAHAM CORP,2019,0,0.0,0,0.0,5023000.0,12389000.0,325000.0,,,3492000.0,40456000.0,325000.0,,
GRAHAM CORP,downstream_subaward,0000716314,GHM,GRAHAM CORP,2020,0,0.0,0,0.0,-9844000.0,8511000.0,2051000.0,,,3517000.0,15021000.0,2051000.0,,
GRAHAM CORP,downstream_subaward,0000716314,GHM,GRAHAM CORP,2021,0,0.0,0,0.0,-308000.0,7917000.0,2138000.0,4599000.0,4599000.0,3834000.0,32955000.0,2138000.0,4599000.0,0.0
GRAHAM CORP,downstream_subaward,0000716314,GHM,GRAHAM CORP,2022,0,0.0,0,0.0,1872000.0,1239000.0,2417000.0,0.0,0.0,4250000.0,59532000.0,2417000.0,0.0,0.0
GRAHAM CORP,downstream_subaward,0000716314,GHM,GRAHAM CORP,2023,0,0.0,0,0.0,2374000.0,-1722000.0,2158000.0,4599000.0,4599000.0,4391000.0,14741000.0,2158000.0,4599000.0,0.0
GRAHAM CORP,downstream_subaward,0000716314,GHM,GRAHAM CORP,2024,0,0.0,0,0.0,-8773000.0,-2219000.0,2324000.0,58250000.0,39750000.0,3523000.0,18257000.0,2324000.0,39750000.0,18500000.0
ILLINOIS TOOL WORKS INC,downstream_subaward,0000049826,ITW,ILLINOIS TOOL WORKS INC,2010,0,0.0,0,0.0,,2222224000.0,362312000.0,,,598690000.0,827524000.0,362312000.0,,
ILLINOIS TOOL WORKS INC,downstream_subaward,0000049826,ITW,ILLINOIS TOOL WORKS INC,2011,0,0.0,0,0.0,,2167552000.0,255739000.0,,,619681000.0,860987000.0,255739000.0,,
ILLINOIS TOOL WORKS INC,downstream_subaward,0000049826,ITW,ILLINOIS TOOL WORKS INC,2012,0,0.0,0,0.0,,1488000000.0,288000000.0,,,636000000.0,1346000000.0,288000000.0,,
ILLINOIS TOOL WORKS INC,downstream_subaward,0000049826,ITW,ILLINOIS TOOL WORKS INC,2013,0,0.0,0,0.0,,1956000000.0,353000000.0,,,680000000.0,1186000000.0,353000000.0,,
ILLINOIS TOOL WORKS INC,downstream_subaward,0000049826,ITW,ILLINOIS TOOL WORKS INC,2014,0,0.0,0,0.0,,2072000000.0,382000000.0,,,865000000.0,1178000000.0,382000000.0,,
ILLINOIS TOOL WORKS INC,downstream_subaward,0000049826,ITW,ILLINOIS TOOL WORKS INC,2015,0,0.0,0,0.0,,2528000000.0,368000000.0,,,528000000.0,2779000000.0,368000000.0,,
ILLINOIS TOOL WORKS INC,downstream_subaward,0000049826,ITW,ILLINOIS TOOL WORKS INC,2016,0,0.0,0,0.0,,1616000000.0,361000000.0,,,711000000.0,3618000000.0,361000000.0,,
ILLINOIS TOOL WORKS INC,downstream_subaward,0000049826,ITW,ILLINOIS TOOL WORKS INC,2017,0,0.0,0,0.0,,2299000000.0,284000000.0,,,742000000.0,3990000000.0,284000000.0,,
ILLINOIS TOOL WORKS INC,downstream_subaward,0000049826,ITW,ILLINOIS TOOL WORKS INC,2018,0,0.0,0,0.0,,2302000000.0,273000000.0,,,821000000.0,3090000000.0,273000000.0,,
ILLINOIS TOOL WORKS INC,downstream_subaward,0000049826,ITW,ILLINOIS TOOL WORKS INC,2019,0,0.0,0,0.0,,2402000000.0,297000000.0,,,941000000.0,1504000000.0,297000000.0,,
ILLINOIS TOOL WORKS INC,downstream_subaward,0000049826,ITW,ILLINOIS TOOL WORKS INC,2020,0,0.0,0,0.0,,2811000000.0,364000000.0,,,1124000000.0,1981000000.0,364000000.0,,
ILLINOIS TOOL WORKS INC,downstream_subaward,0000049826,ITW,ILLINOIS TOOL WORKS INC,2021,0,0.0,0,0.0,,2995000000.0,326000000.0,,,1321000000.0,2564000000.0,326000000.0,,
ILLINOIS TOOL WORKS INC,downstream_subaward,0000049826,ITW,ILLINOIS TOOL WORKS INC,2022,0,0.0,0,0.0,,2807000000.0,236000000.0,,,1379000000.0,1527000000.0,236000000.0,,
ILLINOIS TOOL WORKS INC,downstream_subaward,0000049826,ITW,ILLINOIS TOOL WORKS INC,2023,0,0.0,0,0.0,,2557000000.0,296000000.0,,,1463000000.0,708000000.0,296000000.0,,
ILLINOIS TOOL WORKS INC,downstream_subaward,0000049826,ITW,ILLINOIS TOOL WORKS INC,2024,0,0.0,0,0.0,,2348000000.0,412000000.0,,,1542000000.0,1065000000.0,412000000.0,,
ILLINOIS TOOL WORKS INC.,downstream_subaward,0000049826,ITW,ILLINOIS TOOL WORKS INC,2010,4,329391.47,0,0.0,,2222224000.0,362312000.0,,,598690000.0,827524000.0,362312000.0,,
ILLINOIS TOOL WORKS INC.,downstream_subaward,0000049826,ITW,ILLINOIS TOOL WORKS INC,2011,4,329391.47,0,0.0,,2167552000.0,255739000.0,,,619681000.0,860987000.0,255739000.0,,
ILLINOIS TOOL WORKS INC.,downstream_subaward,0000049826,ITW,ILLINOIS TOOL WORKS INC,2012,4,329391.47,0,0.0,,1488000000.0,288000000.0,,,636000000.0,1346000000.0,288000000.0,,
ILLINOIS TOOL WORKS INC.,downstream_subaward,0000049826,ITW,ILLINOIS TOOL WORKS INC,2013,4,329391.47,0,0.0,,1956000000.0,353000000.0,,,680000000.0,1186000000.0,353000000.0,,
ILLINOIS TOOL WORKS INC.,downstream_subaward,0000049826,ITW,ILLINOIS TOOL WORKS INC,2014,4,329391.47,0,0.0,,2072000000.0,382000000.0,,,865000000.0,1178000000.0,382000000.0,,
ILLINOIS TOOL WORKS INC.,downstream_subaward,0000049826,ITW,ILLINOIS TOOL WORKS INC,2015,4,329391.47,0,0.0,,2528000000.0,368000000.0,,,528000000.0,2779000000.0,368000000.0,,
ILLINOIS TOOL WORKS INC.,downstream_subaward,0000049826,ITW,ILLINOIS TOOL WORKS INC,2016,4,329391.47,0,0.0,,1616000000.0,361000000.0,,,711000000.0,3618000000.0,361000000.0,,
ILLINOIS TOOL WORKS INC.,downstream_subaward,0000049826,ITW,ILLINOIS TOOL WORKS INC,2017,4,329391.47,0,0.0,,2299000000.0,284000000.0,,,742000000.0,3990000000.0,284000000.0,,
ILLINOIS TOOL WORKS INC.,downstream_subaward,0000049826,ITW,ILLINOIS TOOL WORKS INC,2018,4,329391.47,0,0.0,,2302000000.0,273000000.0,,,821000000.0,3090000000.0,273000000.0,,
ILLINOIS TOOL WORKS INC.,downstream_subaward,0000049826,ITW,ILLINOIS TOOL WORKS INC,2019,4,329391.47,0,0.0,,2402000000.0,297000000.0,,,941000000.0,1504000000.0,297000000.0,,
ILLINOIS TOOL WORKS INC.,downstream_subaward,0000049826,ITW,ILLINOIS TOOL WORKS INC,2020,4,329391.47,0,0.0,,2811000000.0,364000000.0,,,1124000000.0,1981000000.0,364000000.0,,
ILLINOIS TOOL WORKS INC.,downstream_subaward,0000049826,ITW,ILLINOIS TOOL WORKS INC,2021,4,329391.47,0,0.0,,2995000000.0,326000000.0,,,1321000000.0,2564000000.0,326000000.0,,
ILLINOIS TOOL WORKS INC.,downstream_subaward,0000049826,ITW,ILLINOIS TOOL WORKS INC,2022,4,329391.47,0,0.0,,2807000000.0,236000000.0,,,1379000000.0,1527000000.0,236000000.0,,
ILLINOIS TOOL WORKS INC.,downstream_subaward,0000049826,ITW,ILLINOIS TOOL WORKS INC,2023,4,329391.47,0,0.0,,2557000000.0,296000000.0,,,1463000000.0,708000000.0,296000000.0,,
ILLINOIS TOOL WORKS INC.,downstream_subaward,0000049826,ITW,ILLINOIS TOOL WORKS INC,2024,4,329391.47,0,0.0,,2348000000.0,412000000.0,,,1542000000.0,1065000000.0,412000000.0,,
"ILLINOIS TOOL WORKS, INC.",downstream_subaward,0000049826,ITW,ILLINOIS TOOL WORKS INC,2010,0,0.0,0,0.0,,2222224000.0,362312000.0,,,598690000.0,827524000.0,362312000.0,,
"ILLINOIS TOOL WORKS, INC.",downstream_subaward,0000049826,ITW,ILLINOIS TOOL WORKS INC,2011,0,0.0,0,0.0,,2167552000.0,255739000.0,,,619681000.0,860987000.0,255739000.0,,
"ILLINOIS TOOL WORKS, INC.",downstream_subaward,0000049826,ITW,ILLINOIS TOOL WORKS INC,2012,0,0.0,0,0.0,,1488000000.0,288000000.0,,,636000000.0,1346000000.0,288000000.0,,
"ILLINOIS TOOL WORKS, INC.",downstream_subaward,0000049826,ITW,ILLINOIS TOOL WORKS INC,2013,0,0.0,0,0.0,,1956000000.0,353000000.0,,,680000000.0,1186000000.0,353000000.0,,
"ILLINOIS TOOL WORKS, INC.",downstream_subaward,0000049826,ITW,ILLINOIS TOOL WORKS INC,2014,0,0.0,0,0.0,,2072000000.0,382000000.0,,,865000000.0,1178000000.0,382000000.0,,
"ILLINOIS TOOL WORKS, INC.",downstream_subaward,0000049826,ITW,ILLINOIS TOOL WORKS INC,2015,0,0.0,0,0.0,,2528000000.0,368000000.0,,,528000000.0,2779000000.0,368000000.0,,
"ILLINOIS TOOL WORKS, INC.",downstream_subaward,0000049826,ITW,ILLINOIS TOOL WORKS INC,2016,0,0.0,0,0.0,,1616000000.0,361000000.0,,,711000000.0,3618000000.0,361000000.0,,
"ILLINOIS TOOL WORKS, INC.",downstream_subaward,0000049826,ITW,ILLINOIS TOOL WORKS INC,2017,0,0.0,0,0.0,,2299000000.0,284000000.0,,,742000000.0,3990000000.0,284000000.0,,
"ILLINOIS TOOL WORKS, INC.",downstream_subaward,0000049826,ITW,ILLINOIS TOOL WORKS INC,2018,0,0.0,0,0.0,,2302000000.0,273000000.0,,,821000000.0,3090000000.0,273000000.0,,
"ILLINOIS TOOL WORKS, INC.",downstream_subaward,0000049826,ITW,ILLINOIS TOOL WORKS INC,2019,0,0.0,0,0.0,,2402000000.0,297000000.0,,,941000000.0,1504000000.0,297000000.0,,
"ILLINOIS TOOL WORKS, INC.",downstream_subaward,0000049826,ITW,ILLINOIS TOOL WORKS INC,2020,0,0.0,0,0.0,,2811000000.0,364000000.0,,,1124000000.0,1981000000.0,364000000.0,,
"ILLINOIS TOOL WORKS, INC.",downstream_subaward,0000049826,ITW,ILLINOIS TOOL WORKS INC,2021,0,0.0,0,0.0,,2995000000.0,326000000.0,,,1321000000.0,2564000000.0,326000000.0,,
"ILLINOIS TOOL WORKS, INC.",downstream_subaward,0000049826,ITW,ILLINOIS TOOL WORKS INC,2022,0,0.0,0,0.0,,2807000000.0,236000000.0,,,1379000000.0,1527000000.0,236000000.0,,
"ILLINOIS TOOL WORKS, INC.",downstream_subaward,0000049826,ITW,ILLINOIS TOOL WORKS INC,2023,0,0.0,0,0.0,,2557000000.0,296000000.0,,,1463000000.0,708000000.0,296000000.0,,
"ILLINOIS TOOL WORKS, INC.",downstream_subaward,0000049826,ITW,ILLINOIS TOOL WORKS INC,2024,0,0.0,0,0.0,,2348000000.0,412000000.0,,,1542000000.0,1065000000.0,412000000.0,,
ITRON INC,prime_award,0000780571,ITRI,"ITRON, INC.",2010,0,0.0,1,17941.0,19811000.0,193146000.0,63430000.0,,388371000.0,,91988000.0,63430000.0,388371000.0,
ITRON INC,prime_award,0000780571,ITRI,"ITRON, INC.",2011,0,0.0,1,17941.0,-2249000.0,140787000.0,52906000.0,,275796000.0,,144390000.0,52906000.0,275796000.0,
ITRON INC,prime_award,0000780571,ITRI,"ITRON, INC.",2012,0,0.0,1,17941.0,104770000.0,254591000.0,62822000.0,,155163000.0,,121893000.0,62822000.0,155163000.0,
ITRON INC,prime_award,0000780571,ITRI,"ITRON, INC.",2013,0,0.0,1,17941.0,-510157000.0,,60076000.0,,848054000.0,,169477000.0,60076000.0,848054000.0,
ITRON INC,prime_award,0000780571,ITRI,"ITRON, INC.",2014,0,0.0,1,17941.0,108275000.0,,50543000.0,,115002000.0,,133086000.0,50543000.0,115002000.0,
ITRON INC,prime_award,0000780571,ITRI,"ITRON, INC.",2015,0,0.0,1,17941.0,-153153000.0,,60020000.0,,73750000.0,,136411000.0,60020000.0,73750000.0,
ITRON INC,prime_award,0000780571,ITRI,"ITRON, INC.",2016,0,0.0,1,17941.0,-23670000.0,,44495000.0,,102438000.0,,124805000.0,44495000.0,102438000.0,
ITRON INC,prime_award,0000780571,ITRI,"ITRON, INC.",2017,0,0.0,1,17941.0,12678000.0,,43918000.0,,62998000.0,,131018000.0,43918000.0,62998000.0,
ITRON INC,prime_award,0000780571,ITRI,"ITRON, INC.",2018,0,0.0,1,17941.0,31770000.0,,43543000.0,,79119000.0,,133565000.0,43543000.0,79119000.0,
ITRON INC,prime_award,0000780571,ITRI,"ITRON, INC.",2019,0,0.0,1,17941.0,57298000.0,191354000.0,49495000.0,,29063000.0,,176274000.0,49495000.0,29063000.0,
ITRON INC,prime_award,0000780571,ITRI,"ITRON, INC.",2020,0,0.0,1,17941.0,-99250000.0,109755000.0,59952000.0,,363359000.0,,120221000.0,59952000.0,363359000.0,
ITRON INC,prime_award,0000780571,ITRI,"ITRON, INC.",2021,0,0.0,1,17941.0,49006000.0,172840000.0,60749000.0,,137657000.0,,122328000.0,60749000.0,137657000.0,
ITRON INC,prime_award,0000780571,ITRI,"ITRON, INC.",2022,0,0.0,1,17941.0,-57955000.0,109514000.0,46208000.0,,414063000.0,,162579000.0,46208000.0,414063000.0,
ITRON INC,prime_award,0000780571,ITRI,"ITRON, INC.",2023,0,0.0,1,17941.0,-81255000.0,154794000.0,34682000.0,,946094000.0,,202007000.0,34682000.0,946094000.0,
ITRON INC,prime_award,0000780571,ITRI,"ITRON, INC.",2024,0,0.0,1,17941.0,-9732000.0,24500000.0,19747000.0,,,,302049000.0,19747000.0,,
"KEYSIGHT TECHNOLOGIES, INC.",downstream_subaward,0001601046,KEYS,"Keysight Technologies, Inc.",2015,0,0.0,0,0.0,,566000000.0,69000000.0,,,,0.0,69000000.0,,
"KEYSIGHT TECHNOLOGIES, INC.",downstream_subaward,0001601046,KEYS,"Keysight Technologies, Inc.",2016,0,0.0,0,0.0,,563000000.0,70000000.0,,,,0.0,70000000.0,,
"KEYSIGHT TECHNOLOGIES, INC.",downstream_subaward,0001601046,KEYS,"Keysight Technologies, Inc.",2017,0,0.0,0,0.0,,376000000.0,92000000.0,,,,810000000.0,92000000.0,,
"KEYSIGHT TECHNOLOGIES, INC.",downstream_subaward,0001601046,KEYS,"Keysight Technologies, Inc.",2018,0,0.0,0,0.0,,420000000.0,91000000.0,,,,483000000.0,91000000.0,,
"KEYSIGHT TECHNOLOGIES, INC.",downstream_subaward,0001601046,KEYS,"Keysight Technologies, Inc.",2019,0,0.0,0,0.0,,328000000.0,72000000.0,,,,913000000.0,72000000.0,,
"KEYSIGHT TECHNOLOGIES, INC.",downstream_subaward,0001601046,KEYS,"Keysight Technologies, Inc.",2020,0,0.0,0,0.0,,555000000.0,132000000.0,,,,1598000000.0,132000000.0,,
"KEYSIGHT TECHNOLOGIES, INC.",downstream_subaward,0001601046,KEYS,"Keysight Technologies, Inc.",2021,0,0.0,0,0.0,,998000000.0,120000000.0,,,,1756000000.0,120000000.0,,
"KEYSIGHT TECHNOLOGIES, INC.",downstream_subaward,0001601046,KEYS,"Keysight Technologies, Inc.",2022,0,0.0,0,0.0,,1016000000.0,117000000.0,,,,2052000000.0,117000000.0,,
"KEYSIGHT TECHNOLOGIES, INC.",downstream_subaward,0001601046,KEYS,"Keysight Technologies, Inc.",2023,0,0.0,0,0.0,,1322000000.0,174000000.0,,,,2042000000.0,174000000.0,,
"KEYSIGHT TECHNOLOGIES, INC.",downstream_subaward,0001601046,KEYS,"Keysight Technologies, Inc.",2024,0,0.0,0,0.0,1124000000.0,1144000000.0,185000000.0,,,,2472000000.0,185000000.0,,
MKS INC.,downstream_subaward,0001049502,MKSI,MKS INC,2010,0,0.0,0,0.0,30117000.0,92747000.0,13457000.0,,,,223968000.0,13457000.0,,
MKS INC.,downstream_subaward,0001049502,MKSI,MKS INC,2011,0,0.0,0,0.0,-212659000.0,4903000.0,4179000.0,,,0.0,119261000.0,4179000.0,,
MKS INC.,downstream_subaward,0001049502,MKSI,MKS INC,2012,0,0.0,0,0.0,142587000.0,163470000.0,15819000.0,,,32686000.0,111009000.0,15819000.0,,
MKS INC.,downstream_subaward,0001049502,MKSI,MKS INC,2013,0,0.0,0,0.0,129731000.0,156036000.0,15567000.0,,,31373000.0,162476000.0,15567000.0,,
MKS INC.,downstream_subaward,0001049502,MKSI,MKS INC,2014,0,0.0,0,0.0,48029000.0,,17705000.0,,,32686000.0,312916000.0,17705000.0,,
MKS INC.,downstream_subaward,0001049502,MKSI,MKS INC,2015,0,0.0,0,0.0,35776000.0,,12410000.0,,,33975000.0,287588000.0,12410000.0,,
MKS INC.,downstream_subaward,0001049502,MKSI,MKS INC,2016,0,0.0,0,0.0,115778000.0,,13183000.0,744653000.0,153395000.0,34851000.0,288902000.0,13183000.0,153395000.0,591258000.0
MKS INC.,downstream_subaward,0001049502,MKSI,MKS INC,2017,0,0.0,0,0.0,122297000.0,,12414000.0,744653000.0,153395000.0,35969000.0,305437000.0,12414000.0,153395000.0,591258000.0
MKS INC.,downstream_subaward,0001049502,MKSI,MKS INC,2018,0,0.0,0,0.0,104809000.0,180098000.0,19123000.0,744653000.0,153395000.0,36361000.0,,19123000.0,153395000.0,591258000.0
MKS INC.,downstream_subaward,0001049502,MKSI,MKS INC,2019,0,0.0,0,0.0,339132000.0,355222000.0,31287000.0,,228141000.0,38178000.0,,31287000.0,228141000.0,
MKS INC.,downstream_subaward,0001049502,MKSI,MKS INC,2020,0,0.0,0,0.0,392900000.0,413800000.0,62900000.0,,50000000.0,42400000.0,,62900000.0,50000000.0,
MKS INC.,downstream_subaward,0001049502,MKSI,MKS INC,2021,0,0.0,0,0.0,140400000.0,244500000.0,63900000.0,,,43500000.0,,63900000.0,,
MKS INC.,downstream_subaward,0001049502,MKSI,MKS INC,2022,0,0.0,0,0.0,350000000.0,513000000.0,85000000.0,,,44000000.0,,85000000.0,,
MKS INC.,downstream_subaward,0001049502,MKSI,MKS INC,2023,0,0.0,0,0.0,551000000.0,640000000.0,87000000.0,,,47000000.0,,87000000.0,,
MKS INC.,downstream_subaward,0001049502,MKSI,MKS INC,2024,0,0.0,0,0.0,333000000.0,529000000.0,164000000.0,,,52000000.0,507000000.0,164000000.0,,
"MSC INDUSTRIAL DIRECT CO., INC.",downstream_subaward,0001003078,MSM,MSC INDUSTRIAL DIRECT CO INC,2011,1,33925.2,0,0.0,125122000.0,285448000.0,22740000.0,,,,42843000.0,22740000.0,,
"MSC INDUSTRIAL DIRECT CO., INC.",downstream_subaward,0001003078,MSM,MSC INDUSTRIAL DIRECT CO INC,2012,1,33925.2,0,0.0,150373000.0,149857000.0,30304000.0,,,,225572000.0,30304000.0,,
"MSC INDUSTRIAL DIRECT CO., INC.",downstream_subaward,0001003078,MSM,MSC INDUSTRIAL DIRECT CO INC,2013,1,33925.2,0,0.0,218786000.0,209962000.0,25479000.0,,,,121191000.0,25479000.0,,
"MSC INDUSTRIAL DIRECT CO., INC.",downstream_subaward,0001003078,MSM,MSC INDUSTRIAL DIRECT CO INC,2014,1,33925.2,0,0.0,259031000.0,,47691000.0,,,,95959000.0,47691000.0,,
"MSC INDUSTRIAL DIRECT CO., INC.",downstream_subaward,0001003078,MSM,MSC INDUSTRIAL DIRECT CO INC,2015,1,33925.2,0,0.0,237995000.0,,89252000.0,,,,168453000.0,89252000.0,,
"MSC INDUSTRIAL DIRECT CO., INC.",downstream_subaward,0001003078,MSM,MSC INDUSTRIAL DIRECT CO INC,2016,1,33925.2,0,0.0,236067000.0,,70617000.0,,,,55876000.0,70617000.0,,
"MSC INDUSTRIAL DIRECT CO., INC.",downstream_subaward,0001003078,MSM,MSC INDUSTRIAL DIRECT CO INC,2017,1,33925.2,0,0.0,231308000.0,,51405000.0,,,,47154000.0,51405000.0,,
"MSC INDUSTRIAL DIRECT CO., INC.",downstream_subaward,0001003078,MSM,MSC INDUSTRIAL DIRECT CO INC,2018,1,33925.2,0,0.0,231216000.0,401103000.0,87930000.0,,,,38267000.0,87930000.0,,
"MSC INDUSTRIAL DIRECT CO., INC.",downstream_subaward,0001003078,MSM,MSC INDUSTRIAL DIRECT CO INC,2019,1,33925.2,0,0.0,231431000.0,246841000.0,46548000.0,,,,52890000.0,46548000.0,,
"MSC INDUSTRIAL DIRECT CO., INC.",downstream_subaward,0001003078,MSM,MSC INDUSTRIAL DIRECT CO INC,2020,1,33925.2,0,0.0,329223000.0,339658000.0,44919000.0,110000000.0,,,16083000.0,44919000.0,,
"MSC INDUSTRIAL DIRECT CO., INC.",downstream_subaward,0001003078,MSM,MSC INDUSTRIAL DIRECT CO INC,2021,1,33925.2,0,0.0,288865000.0,328426000.0,51773000.0,100000000.0,,,46217000.0,51773000.0,,
"MSC INDUSTRIAL DIRECT CO., INC.",downstream_subaward,0001003078,MSM,MSC INDUSTRIAL DIRECT CO INC,2022,1,33925.2,0,0.0,251117000.0,396739000.0,46991000.0,100000000.0,,,40536000.0,46991000.0,,
"MSC INDUSTRIAL DIRECT CO., INC.",downstream_subaward,0001003078,MSM,MSC INDUSTRIAL DIRECT CO INC,2023,1,33925.2,0,0.0,216907000.0,224462000.0,53746000.0,4750000.0,,,43537000.0,53746000.0,,
"MSC INDUSTRIAL DIRECT CO., INC.",downstream_subaward,0001003078,MSM,MSC INDUSTRIAL DIRECT CO INC,2024,1,33925.2,0,0.0,339786000.0,246183000.0,61373000.0,0.0,,,50052000.0,61373000.0,,
"TETRA TECH, INC.",prime_award,0000831641,TTEK,TETRA TECH INC,2010,0,0.0,1,260736.0,,68380000.0,17768000.0,,,,76741000.0,17768000.0,,
"TETRA TECH, INC.",prime_award,0000831641,TTEK,TETRA TECH INC,2011,0,0.0,1,260736.0,,198248000.0,19803000.0,,,,50902000.0,19803000.0,,
"TETRA TECH, INC.",prime_award,0000831641,TTEK,TETRA TECH INC,2012,0,0.0,1,260736.0,,,21584000.0,,,,89185000.0,21584000.0,,
"TETRA TECH, INC.",prime_award,0000831641,TTEK,TETRA TECH INC,2013,0,0.0,1,260736.0,,,18901000.0,,,,220933000.0,18901000.0,,
"TETRA TECH, INC.",prime_award,0000831641,TTEK,TETRA TECH INC,2014,0,0.0,1,260736.0,,,25106000.0,,,8956000.0,90494000.0,25106000.0,,
"TETRA TECH, INC.",prime_award,0000831641,TTEK,TETRA TECH INC,2015,0,0.0,1,260736.0,,,27545000.0,,,8956000.0,104848000.0,27545000.0,,
"TETRA TECH, INC.",prime_award,0000831641,TTEK,TETRA TECH INC,2016,0,0.0,1,260736.0,,,19404000.0,,,8956000.0,129305000.0,19404000.0,,
"TETRA TECH, INC.",prime_award,0000831641,TTEK,TETRA TECH INC,2017,0,0.0,1,260736.0,,,24296000.0,,,18240000.0,122379000.0,24296000.0,,
"TETRA TECH, INC.",prime_award,0000831641,TTEK,TETRA TECH INC,2018,0,0.0,1,260736.0,,142020000.0,11945000.0,,,19735000.0,135326000.0,11945000.0,,
"TETRA TECH, INC.",prime_award,0000831641,TTEK,TETRA TECH INC,2019,0,0.0,1,260736.0,,141487000.0,9741000.0,,,21672000.0,189975000.0,9741000.0,,
"TETRA TECH, INC.",prime_award,0000831641,TTEK,TETRA TECH INC,2020,0,0.0,1,260736.0,,185733000.0,9726000.0,,485946000.0,24477000.0,146185000.0,9726000.0,485946000.0,
"TETRA TECH, INC.",prime_award,0000831641,TTEK,TETRA TECH INC,2021,0,0.0,1,260736.0,,208513000.0,16198000.0,,415491000.0,29674000.0,157515000.0,16198000.0,415491000.0,
"TETRA TECH, INC.",prime_award,0000831641,TTEK,TETRA TECH INC,2022,0,0.0,1,260736.0,,262479000.0,12245000.0,,331066000.0,34743000.0,166568000.0,12245000.0,331066000.0,
"TETRA TECH, INC.",prime_award,0000831641,TTEK,TETRA TECH INC,2023,0,0.0,1,260736.0,,304372000.0,8573000.0,,,40041000.0,185094000.0,8573000.0,,
"TETRA TECH, INC.",prime_award,0000831641,TTEK,TETRA TECH INC,2024,0,0.0,1,260736.0,,336188000.0,10582000.0,,,46099000.0,168831000.0,10582000.0,,
"UNITED RENTALS, INC.",downstream_subaward,0001067701,URI,"UNITED RENTALS, INC.",2011,1,32350.0,0,0.0,-62000000.0,438000000.0,51000000.0,,,,77000000.0,51000000.0,,
"UNITED RENTALS, INC.",downstream_subaward,0001067701,URI,"UNITED RENTALS, INC.",2012,1,32350.0,0,0.0,-26000000.0,452000000.0,28000000.0,,,,169000000.0,28000000.0,,
"UNITED RENTALS, INC.",downstream_subaward,0001067701,URI,"UNITED RENTALS, INC.",2013,1,32350.0,0,0.0,101000000.0,612000000.0,36000000.0,,,,203000000.0,36000000.0,,
"UNITED RENTALS, INC.",downstream_subaward,0001067701,URI,"UNITED RENTALS, INC.",2014,1,32350.0,0,0.0,75000000.0,721000000.0,97000000.0,,,,36000000.0,97000000.0,,
"UNITED RENTALS, INC.",downstream_subaward,0001067701,URI,"UNITED RENTALS, INC.",2015,1,32350.0,0,0.0,387000000.0,1551000000.0,104000000.0,,,,106000000.0,104000000.0,,
"UNITED RENTALS, INC.",downstream_subaward,0001067701,URI,"UNITED RENTALS, INC.",2016,1,32350.0,0,0.0,540000000.0,1801000000.0,120000000.0,,,,175000000.0,120000000.0,,
"UNITED RENTALS, INC.",downstream_subaward,0001067701,URI,"UNITED RENTALS, INC.",2017,1,32350.0,0,0.0,585000000.0,1995000000.0,102000000.0,,,,158000000.0,102000000.0,,
"UNITED RENTALS, INC.",downstream_subaward,0001067701,URI,"UNITED RENTALS, INC.",2018,1,32350.0,0,0.0,566000000.0,1941000000.0,93000000.0,,,,179000000.0,93000000.0,,
"UNITED RENTALS, INC.",downstream_subaward,0001067701,URI,"UNITED RENTALS, INC.",2019,1,32350.0,0,0.0,1346000000.0,2209000000.0,120000000.0,,,,43000000.0,120000000.0,,
"UNITED RENTALS, INC.",downstream_subaward,0001067701,URI,"UNITED RENTALS, INC.",2020,1,32350.0,0,0.0,1096000000.0,2853000000.0,185000000.0,,,,52000000.0,185000000.0,,
"UNITED RENTALS, INC.",downstream_subaward,0001067701,URI,"UNITED RENTALS, INC.",2021,1,32350.0,0,0.0,1174000000.0,3024000000.0,,,,,202000000.0,,,
"UNITED RENTALS, INC.",downstream_subaward,0001067701,URI,"UNITED RENTALS, INC.",2022,1,32350.0,0,0.0,890000000.0,2658000000.0,,,,,144000000.0,,,
"UNITED RENTALS, INC.",downstream_subaward,0001067701,URI,"UNITED RENTALS, INC.",2023,1,32350.0,0,0.0,1386000000.0,3689000000.0,,,,,106000000.0,,,
"UNITED RENTALS, INC.",downstream_subaward,0001067701,URI,"UNITED RENTALS, INC.",2024,1,32350.0,0,0.0,2105000000.0,4433000000.0,,,,,363000000.0,,,
"W.W. GRAINGER, INC.",downstream_subaward,0000277135,GWW,"W.W. GRAINGER, INC.",2010,1,50554.48,0,0.0,475355000.0,530066000.0,,500000000.0,0.0,121504000.0,113437000.0,,0.0,500000000.0
"W.W. GRAINGER, INC.",downstream_subaward,0000277135,GWW,"W.W. GRAINGER, INC.",2011,1,50554.48,0,0.0,430466000.0,732396000.0,142414000.0,0.0,18856000.0,134684000.0,396290000.0,142414000.0,18856000.0,-18856000.0
"W.W. GRAINGER, INC.",downstream_subaward,0000277135,GWW,"W.W. GRAINGER, INC.",2012,1,50554.48,0,0.0,510865000.0,596445000.0,127124000.0,200000000.0,239122000.0,152338000.0,459871000.0,127124000.0,239122000.0,-39122000.0
"W.W. GRAINGER, INC.",downstream_subaward,0000277135,GWW,"W.W. GRAINGER, INC.",2013,1,50554.48,0,0.0,658423000.0,746108000.0,196942000.0,172464000.0,179296000.0,180527000.0,313454000.0,196942000.0,179296000.0,-6832000.0
"W.W. GRAINGER, INC.",downstream_subaward,0000277135,GWW,"W.W. GRAINGER, INC.",2014,1,50554.48,0,0.0,689881000.0,816195000.0,249860000.0,300000000.0,219950000.0,220077000.0,335491000.0,249860000.0,219950000.0,80050000.0
"W.W. GRAINGER, INC.",downstream_subaward,0000277135,GWW,"W.W. GRAINGER, INC.",2015,1,50554.48,0,0.0,797036000.0,986498000.0,272145000.0,0.0,16681000.0,255466000.0,452063000.0,272145000.0,16681000.0,-16681000.0
"W.W. GRAINGER, INC.",downstream_subaward,0000277135,GWW,"W.W. GRAINGER, INC.",2016,1,50554.48,0,0.0,801729000.0,959814000.0,387390000.0,150504000.0,170907000.0,291395000.0,430644000.0,387390000.0,170907000.0,-20403000.0
"W.W. GRAINGER, INC.",downstream_subaward,0000277135,GWW,"W.W. GRAINGER, INC.",2017,1,50554.48,0,0.0,768996000.0,1036109000.0,373868000.0,1307183000.0,52838000.0,306474000.0,226644000.0,373868000.0,52838000.0,1254345000.0
"W.W. GRAINGER, INC.",downstream_subaward,0000277135,GWW,"W.W. GRAINGER, INC.",2018,1,50554.48,0,0.0,606000000.0,1024000000.0,284000000.0,516000000.0,263000000.0,303000000.0,290000000.0,284000000.0,263000000.0,253000000.0
"W.W. GRAINGER, INC.",downstream_subaward,0000277135,GWW,"W.W. GRAINGER, INC.",2019,1,50554.48,0,0.0,586000000.0,1057000000.0,237000000.0,401000000.0,39000000.0,304000000.0,274000000.0,237000000.0,39000000.0,362000000.0
"W.W. GRAINGER, INC.",downstream_subaward,0000277135,GWW,"W.W. GRAINGER, INC.",2020,1,50554.48,0,0.0,782000000.0,1057000000.0,239000000.0,0.0,96000000.0,316000000.0,360000000.0,239000000.0,96000000.0,-96000000.0
"W.W. GRAINGER, INC.",downstream_subaward,0000277135,GWW,"W.W. GRAINGER, INC.",2021,1,50554.48,0,0.0,849000000.0,1042000000.0,221000000.0,0.0,42000000.0,328000000.0,585000000.0,221000000.0,42000000.0,-42000000.0
"W.W. GRAINGER, INC.",downstream_subaward,0000277135,GWW,"W.W. GRAINGER, INC.",2022,1,50554.48,0,0.0,695000000.0,1123000000.0,197000000.0,1584000000.0,1370000000.0,338000000.0,241000000.0,197000000.0,1370000000.0,214000000.0
"W.W. GRAINGER, INC.",downstream_subaward,0000277135,GWW,"W.W. GRAINGER, INC.",2023,1,50554.48,0,0.0,1043000000.0,937000000.0,255000000.0,0.0,8000000.0,357000000.0,325000000.0,255000000.0,8000000.0,-8000000.0
"W.W. GRAINGER, INC.",downstream_subaward,0000277135,GWW,"W.W. GRAINGER, INC.",2024,1,50554.48,0,0.0,1547000000.0,1333000000.0,256000000.0,16000000.0,15000000.0,370000000.0,660000000.0,256000000.0,15000000.0,1000000.0
