country_code,year,EG.USE.PCAP.KG.OE,NY.GDP.PCAP.KD,NY.GDP.PCAP.PP.KD,SP.POP.TOTL
1A,2024,,6311.25329101256,16802.4292966747,492612632.0
1W,2024,,11894.2521505051,21393.1843594226,8140897523.0
4E,2024,,10127.9180882519,20453.9723473779,2141122258.0
7E,2024,,8719.2497368167,24430.2175202769,250394482.0
8S,2024,,2329.35958665331,9307.06752508413,1677384532.0
AD,2000,,34113.8173783949,54809.1441679423,65685.0
AD,2001,,36790.1037086022,59109.0136806378,65852.0
AD,2002,,38084.4843108589,61188.6370851474,66506.0
AD,2003,,39620.3201605161,63656.1958332184,69486.0
AD,2004,,40054.3211531421,64353.4858113531,74325.0
AD,2005,,40528.17486238,65114.8053663021,77421.0
AD,2006,,41322.0529213846,66390.293726491,79585.0
AD,2007,,40789.1589697748,65534.1168555171,81877.0
AD,2008,,37775.1261404342,60691.6051530637,83495.0
AD,2009,,35604.3840098196,57203.9708883731,83888.0
AD,2010,,36277.2644425331,58285.0577756981,80706.0
AD,2011,,37637.4868342866,60470.4662377044,77783.0
AD,2012,,36206.9784356446,58172.1323929474,76834.0
AD,2013,,35684.1694347737,57332.1585611366,75194.0
AD,2014,,37300.6244197096,59929.2444670501,73737.0
AD,2015,,38654.9347217207,62105.1542389675,72174.0
AD,2016,,40085.020598622,64402.8092369468,72181.0
AD,2017,,39361.0622648699,63239.6577711911,73763.0
AD,2018,,39242.1448975099,63048.5985572834,75162.0
AD,2019,,39346.275035865,63215.899791913,76474.0
AD,2020,,34536.6499222556,55488.4902991095,77380.0
AD,2021,,36929.0191528644,59332.2029100127,78364.0
AD,2022,,39780.3966130791,63913.3835079105,79705.0
AD,2023,,40227.23352974,64631.2963909271,80856.0
AD,2024,,41223.9924906603,66232.7444195598,81938.0
AE,2024,,41605.4138706908,69701.785835525,10986400.0
AF,2000,,308.318269746638,1617.82647494969,20130327.0
AF,2001,,277.118051443941,1454.11078195559,20284307.0
AF,2002,,338.139973643387,1774.30874287341,21378117.0
AF,2003,,346.071627096223,1815.92819979586,22733049.0
AF,2004,,338.637273888197,1776.91820712187,23560654.0
AF,2005,,363.640141436773,1908.11478234587,24404567.0
AF,2006,,367.75831169358,1929.72389709372,25424094.0
AF,2007,,410.757728879097,2155.35306784413,25909852.0
AF,2008,,417.647282647498,2191.50435559062,26482622.0
AF,2009,,488.830652491949,2565.02208584099,27466101.0
AF,2010,,542.871030476037,2848.58606111495,28284089.0
AF,2011,,525.42698276582,2757.05258747725,29347708.0
AF,2012,,568.929021458341,2985.31914452845,30560034.0
AF,2013,,580.603833333096,3046.57993117128,31622704.0
AF,2014,,575.146245808546,3017.94254424696,32792523.0
AF,2015,,565.569730408751,2967.692067153,33831764.0
AF,2016,,563.872336723147,2958.7853992308,34700612.0
AF,2017,,562.769574140988,2952.99891598909,35688935.0
AF,2018,,553.125151688293,2902.39211285546,36743039.0
AF,2019,,557.861533207459,2927.2451435353,37856121.0
AF,2020,,527.834554499306,2769.68574507111,39068979.0
AF,2021,,408.625855217403,2144.16657002819,40000412.0
AF,2022,,377.665627080705,1981.71016810561,40578842.0
AF,2023,,378.06630312259,1983.81261992909,41454761.0
AF,2024,,374.37669620849,1964.45228895456,42647492.0
AG,2000,,15961.0918359058,25547.6120273679,74912.0
AG,2001,,15003.4389169034,24014.7754593511,76069.0
AG,2002,,14968.0703013883,23958.1638142071,77032.0
AG,2003,,15703.9347145491,25136.001691807,77884.0
AG,2008,,20464.786306605,32756.3067839753,82912.0
AG,2009,,17746.700856041,28405.6900929523,84173.0
AG,2010,,16135.397384487,25826.6086383235,85320.0
AG,2011,,15633.9091131821,25023.9174488179,86332.0
AG,2012,,15989.3900199779,25592.9066121735,87260.0
AG,2013,,15748.1952024226,25206.8458285339,88064.0
AG,2014,,15967.284996712,25557.5249124716,88765.0
AG,2015,,16077.6340769406,25734.1516444171,89409.0
AG,2016,,16635.895232831,26627.71453894,89969.0
AG,2017,,16992.9327495236,27199.1952402262,90468.0
AG,2018,,18042.1596435727,28878.6067675471,90926.0
AG,2019,,18525.2588907167,29651.8641526705,91364.0
AG,2020,,14950.8942397208,23930.6714995115,91846.0
AG,2021,,16084.7214406048,25745.4958067746,92349.0
AG,2022,,17359.2674811108,27785.5572316838,92840.0
AG,2023,,17938.3186828047,28712.3970492192,93316.0
AG,2024,,18304.5836762037,29298.6474164727,93772.0
AL,2024,,6549.23387415397,21640.9835773271,2377128.0
AM,2024,,5378.31799981682,20078.7848984844,3033500.0
AO,2024,,2798.59392792708,8752.7974709833,37885849.0
AW,2000,,28104.8954362859,37618.9926155094,90588.0
AW,2001,,29007.7386958774,38827.4672740448,91439.0
AW,2002,,28535.4639480222,38195.3176084346,92074.0
AW,2003,,28525.8077063839,38182.3925262649,93128.0
AW,2004,,29959.7748189582,40101.7876131851,95138.0
AW,2005,,29081.7066997897,38926.4750002706,97635.0
AW,2006,,28885.9118700469,38664.3995098654,99405.0
AW,2007,,29556.8384686554,39562.4488484876,100150.0
AW,2008,,29870.6648077005,39982.5119922148,100917.0
AW,2009,,26204.0597361984,35074.6841221014,101604.0
AW,2010,,25429.2180974853,34037.5423205595,101838.0
AW,2011,,26093.0542083227,34926.1008924322,102591.0
AW,2012,,25444.7336646687,34058.3102329903,104110.0
AW,2013,,26680.1411206342,35711.9290506967,105675.0
AW,2014,,26773.8229102391,35837.3240929711,106807.0
AW,2015,,27458.2201537506,36753.4041726178,107906.0
AW,2016,,27587.2498040483,36926.1130685729,108727.0
AW,2017,,28548.8904317739,38213.2892388309,108735.0
AW,2018,,29419.208623316,39378.2284109047,108908.0
AW,2019,,29700.3634670565,39754.5600722149,109203.0
AW,2020,,22718.2294445007,30408.8270901983,108587.0
AW,2021,,26303.0397202375,35207.1709088639,107700.0
AW,2022,,29198.9903584827,39083.4616398507,107310.0
AW,2023,,31963.0764505349,42783.2489072067,107359.0
AW,2024,,33938.9541769192,45428.0027283518,107995.0
AZ,2024,,5876.03295533913,22090.5298026929,10202830.0
BA,2024,,6746.95366547249,20578.4995446816,3164253.0
BB,2000,,22170.0846712974,21315.7684300571,262063.0
BB,2001,,21615.8003391727,20782.8432453701,262425.0
BB,2002,,21643.8964907973,20809.8567218941,264148.0
BB,2003,,21979.2923230027,21132.3281963019,265776.0
BB,2008,,24605.4523230752,23657.2900650446,272714.0
BB,2009,,23250.8017659349,22354.8404800399,274123.0
BB,2010,,21285.0039393558,20464.7939658776,275243.0
BB,2011,,21200.1949825923,20383.2530917687,276139.0
BB,2012,,20534.8825878653,19743.57827095,276938.0
BB,2013,,20521.1209928514,19730.3469740518,277665.0
BB,2014,,20636.0327188055,19840.8306179644,278348.0
BB,2015,,20429.4747123553,19642.2322500219,278990.0
BB,2016,,20673.7682337375,19877.1120083968,279598.0
BB,2017,,20766.5518491129,19966.3202405154,280171.0
BB,2018,,20674.3547847984,19877.6759569235,280711.0
BB,2019,,20687.6467427909,19890.455714094,281207.0
BB,2020,,17056.9868669781,16399.7020111405,281698.0
BB,2021,,18395.6153622073,17686.7469386289,282147.0
BB,2022,,21315.9363255517,20494.5343836936,282318.0
BB,2023,,21701.2660270701,20865.0155437147,282336.0
BB,2024,,22421.5333611295,21557.5276350385,282467.0
BD,2024,,1941.27874360025,8486.78495660517,173562364.0
BF,2024,,764.082625588818,2548.50247702504,23548781.0
BG,2024,,10127.4152566236,34221.3866940362,6441421.0
BH,2024,,25886.2393152311,59060.1818363183,1588670.0
BI,2000,,264.154407180223,1030.32234706616,6470194.0
BI,2001,,262.913885774384,1025.48374929263,6634365.0
BI,2002,,266.968141648342,1041.29719140875,6824132.0
BI,2003,,255.500823385612,996.569433908385,7043154.0
BI,2004,,258.050009115333,1006.51241783279,7310656.0
BI,2005,,250.878933475935,978.5419608465,7587299.0
BI,2006,,255.105582251925,995.027813698961,7865547.0
BI,2007,,254.311725516331,991.931411319069,8161874.0
BI,2008,,256.012461554496,998.565055501985,8505637.0
BI,2009,,252.582019875886,985.184772509514,8947646.0
BI,2010,,253.308577749924,988.018678716302,9376444.0
BI,2011,,254.242110648215,991.659881666872,9717978.0
BI,2012,,256.180393931874,999.220068163159,10071028.0
BI,2013,,259.311117203355,1011.43131303134,10439341.0
BI,2014,,261.296721752002,1019.17607398667,10799785.0
BI,2015,,254.402585226788,992.28580552029,11047580.0
BI,2016,,258.061970804063,1006.55907385999,11239451.0
BI,2017,,261.725839287239,1020.8498275719,11506762.0
BI,2018,,267.508692172687,1043.40558434036,11859446.0
BI,2019,,270.411005710809,1054.72592734898,12255336.0
BI,2020,,263.463876362597,1027.62896276744,12617036.0
BI,2021,,264.682651658422,1032.38274081999,12965481.0
BI,2022,,263.587550049119,1028.11134640179,13321097.0
BI,2023,,264.84330794512,1033.00937341776,13689450.0
BI,2024,,268.700857389911,1048.05557098193,14047786.0
BJ,2024,,1324.78312597434,3901.32588494392,14462724.0
BM,2000,,109502.763102809,98024.0788793146,61550.0
BM,2001,,116809.925253071,104565.263948121,61867.0
BM,2002,,114574.433608566,102564.108880562,62142.0
BM,2003,,118018.831592635,105647.446050466,62386.0
BM,2004,,120432.12052555,107807.760712997,62555.0
BM,2005,,122143.799577518,109340.012116084,62711.0
BM,2006,,128662.931924261,115175.773016307,62834.0
BM,2007,,132595.482654866,118696.092066629,63010.0
BM,2008,,129525.177139097,115947.63292703,63300.0
BM,2009,,121727.584908744,108967.427366927,63565.0
BM,2010,,118382.908990645,105973.358845444,63725.0
BM,2011,,113937.835700983,101994.242680484,63733.0
BM,2012,,108040.575659203,96715.1659966888,63646.0
BM,2013,,107860.394791964,96553.8726827819,63574.0
BM,2014,,103941.982606956,93046.2100976443,63529.0
BM,2015,,104855.366822135,93863.8483363419,63464.0
BM,2016,,104190.876720334,93269.0137558453,63449.0
BM,2017,,107734.608357327,96441.2718767256,63578.0
BM,2018,,106843.163739391,95643.2734055543,63831.0
BM,2019,,106709.881238843,95523.9623126026,64107.0
BM,2020,,98846.4458079644,88484.8155997921,64382.0
BM,2021,,103130.365845318,92319.6714861222,64648.0
BM,2022,,109412.251159598,97943.0548977322,64749.0
BM,2023,,114244.681047132,102268.922803272,64698.0
BM,2024,,116513.536565041,104299.944358815,64636.0
BN,2024,,29563.8682753082,79071.7333801445,462721.0
BO,2024,,3045.61476620329,11329.1518061536,12413315.0
BS,2000,,32424.7271786716,34597.1621145274,323835.0
BS,2001,,32870.0918307285,35072.3658990461,327836.0
BS,2002,,33374.602685914,35610.6786425646,331614.0
BS,2003,,32559.311554898,34740.7635535381,335618.0
BS,2008,,32331.8246135092,34498.0351399173,358120.0
BS,2009,,30581.3342198488,32630.263065979,362810.0
BS,2010,,30657.4319059659,32711.4592459383,367478.0
BS,2011,,30492.6738528071,32535.6625139135,371729.0
BS,2012,,31553.4919490645,33667.5547098911,375469.0
BS,2013,,30368.2631244189,32402.9163503108,378953.0
BS,2014,,30658.5344563722,32712.6356664811,382298.0
BS,2015,,30719.405417469,32777.5849410742,385346.0
BS,2016,,30152.1619246021,32172.3365152976,388055.0
BS,2017,,30974.7477261317,33050.0350128611,390485.0
BS,2018,,31537.2423841956,33650.2164350935,392717.0
BS,2019,,31117.6299132391,33202.4902105068,394675.0
BS,2020,,24791.6704945106,26452.695760929,395863.0
BS,2021,,29114.0597726386,31064.6822166194,396373.0
BS,2022,,32186.4575039237,34342.9285316569,397538.0
BS,2023,,33009.645615121,35221.2696932313,399440.0
BS,2024,,33968.2032187918,36244.0500123244,401283.0
BT,2000,,1259.6237645235,5287.57434721684,596863.0
BT,2001,,1321.09878230279,5545.6305511084,610794.0
BT,2002,,1427.25693317315,5991.25497571775,624409.0
BT,2003,,1506.4152751782,6323.5411950973,637663.0
BT,2008,,2017.76018913403,8470.03471622855,686351.0
BT,2009,,2148.56480375034,9019.11861272397,693988.0
BT,2010,,2378.72810760985,9985.28455483655,701632.0
BT,2011,,2552.48871073094,10714.686566371,709377.0
BT,2012,,2654.74798946027,11143.9445354588,717279.0
BT,2013,,2671.07460201171,11212.479426698,725273.0
BT,2014,,2797.81883971908,11744.5189124825,733139.0
BT,2015,,2954.04081911097,12400.2983237391,740618.0
BT,2016,,3173.36773217431,13320.9759036882,747866.0
BT,2017,,3211.80903275593,13482.3425280358,754335.0
BT,2018,,3300.55006461736,13854.8543977158,759759.0
BT,2019,,3467.38598979356,14555.1884045845,764824.0
BT,2020,,3092.12428399363,12979.9369485824,770006.0
BT,2021,,3206.20366997254,13458.812666743,775442.0
BT,2022,,3349.73309632799,14061.3120274588,780914.0
BT,2023,,3480.51388523184,14610.2959097837,786385.0
BT,2024,,3717.21053114706,15603.8871298469,791524.0
BW,2024,,6952.34770386661,18107.614452913,2521139.0
BY,2024,,6814.34443423546,29135.9465139232,9132629.0
BZ,2000,,5663.64632374973,11363.6868781615,240799.0
BZ,2001,,5764.99055491104,11567.0265720608,248379.0
BZ,2002,,5895.15235037898,11828.1865744067,256009.0
BZ,2003,,6274.47428279313,12589.2679378206,263780.0
BZ,2008,,6187.95885023655,12415.6811300464,304361.0
BZ,2009,,5997.68447156383,12033.9096816588,312614.0
BZ,2010,,5937.75398343789,11913.6635959061,320245.0
BZ,2011,,5802.24344531492,11641.7717375703,327298.0
BZ,2012,,5902.74234696881,11843.4153404212,334414.0
BZ,2013,,6013.07879895362,12064.797259406,341627.0
BZ,2014,,6116.49578852783,12272.2957895446,348923.0
BZ,2015,,6154.62264230369,12348.7944978311,356333.0
BZ,2016,,6012.21296983668,12063.0600374093,364705.0
BZ,2017,,5767.61921963762,11572.3007931461,373202.0
BZ,2018,,5707.61059954436,11451.8979413877,380226.0
BZ,2019,,5864.14611827109,11765.9748661176,385829.0
BZ,2020,,5006.48453276935,10045.1404163746,390812.0
BZ,2021,,5839.40157956017,11716.3267818656,395346.0
BZ,2022,,6262.56088273674,12565.3645829576,402733.0
BZ,2023,,6165.69414825936,12371.0086545348,411106.0
BZ,2024,,6290.49294452749,12621.4081961897,417072.0
CD,2024,,554.117609962628,1601.70926640422,109276265.0
CF,2000,,437.168928414826,1245.81399563599,3833416.0
CF,2001,,446.658634192083,1272.85710758505,3919487.0
CF,2002,,452.808702217035,1290.38314917126,4006077.0
CF,2003,,418.240532289858,1191.8731520062,4103086.0
CF,2004,,433.825227770233,1236.28534712166,4192826.0
CF,2005,,427.968043155237,1219.5939445674,4288810.0
CF,2006,,439.294330902768,1251.87082171335,4377579.0
CF,2007,,450.762785401893,1284.55283590666,4462770.0
CF,2008,,450.313616886022,1283.2728263106,4558984.0
CF,2009,,492.215398914836,1402.68164770801,4529047.0
CF,2010,,519.141456408484,1479.41367757692,4492995.0
CF,2011,,532.38295493852,1517.14839091011,4565021.0
CF,2012,,553.729578314912,1577.98053252253,4610848.0
CF,2013,,349.821171688973,996.896355923912,4642419.0
CF,2014,,351.561554911625,1001.85598053496,4623182.0
CF,2015,,366.322853938121,1043.92171697157,4629320.0
CF,2016,,376.858254120398,1073.94477703739,4713663.0
CF,2017,,387.35795131742,1103.86609318724,4793511.0
CF,2018,,395.020015455909,1125.70091748228,4878657.0
CF,2019,,401.82582161435,1145.09563657752,4944703.0
CF,2020,,398.834274122139,1136.57052993758,5026628.0
CF,2021,,396.020622931961,1128.55237996459,5112100.0
CF,2022,,398.91539795642,1136.80171107045,5098039.0
CF,2023,,397.467795750451,1132.67643369804,5152421.0
CF,2024,,389.938307964229,1111.21941638883,5330690.0
CG,2024,,1671.7266018229,6152.56509118442,6332961.0
CI,2024,,2395.65916961845,6747.0379677706,31934230.0
CM,2024,,1480.73097431993,4916.93354019494,29123744.0
CN,2024,,13119.1076099516,23841.4769141817,1408975000.0
CU,2000,1076.5353394583,4112.26168350671,,11109109.0
CU,2001,1048.45762651591,4229.90309433356,,11144132.0
CU,2002,970.846511711936,4277.39565642359,,11177418.0
CU,2003,963.215606214526,4426.96599591833,,11209383.0
CU,2004,936.649449904607,4670.18802138025,,11238756.0
CU,2005,897.369156004402,5182.35283601732,,11262554.0
CU,2006,910.00338498737,5799.41163668615,,11278550.0
CU,2007,871.117940798683,6215.76603727772,,11287272.0
CU,2008,928.466364196819,6469.08507847668,,11291762.0
CU,2009,900.455572436481,6561.25305093006,,11294719.0
CU,2010,977.391285791928,6716.49048497058,,11297409.0
CU,2011,948.027225603918,6902.16397571139,,11301571.0
CU,2012,968.146630660253,7109.24834185635,,11303175.0
CU,2013,919.534653808596,7307.82004410741,,11298167.0
CU,2014,938.112097734289,7392.48324633027,,11285775.0
CU,2015,958.502652326421,7727.91997207998,,11275065.0
CU,2016,941.599587735624,7774.0698462623,,11265612.0
CU,2017,904.82520614924,7927.27769431767,,11247829.0
CU,2018,858.793763834873,8120.43123558256,,11227118.0
CU,2019,854.4694562102,8124.75282059108,,11202846.0
CU,2020,805.861387957743,7252.28811179844,,11176354.0
CU,2021,791.974143484846,7379.04275283674,,11122168.0
CU,2022,775.769412868598,7552.33152218842,,11059820.0
CU,2023,775.831381587569,7433.42885399674,,11019931.0
CV,2000,,2037.31720912714,4510.13573659758,453317.0
CV,2001,,2051.21733888102,4540.90731780518,460293.0
CV,2002,,2127.70872296502,4710.2410491228,467046.0
CV,2003,,2186.89500422765,4841.265398715,473383.0
CV,2008,,3238.44159287498,7169.13944155367,501355.0
CV,2009,,3159.58698693977,6994.5740991365,506141.0
CV,2010,,3194.61667734233,7072.12150207342,509784.0
CV,2011,,3309.20121643898,7325.78441834692,511447.0
CV,2012,,3341.7421054836,7397.82220702474,511955.0
CV,2013,,3361.09387702205,7440.66242650114,512225.0
CV,2014,,3383.8422809791,7491.02198228243,512326.0
CV,2015,,3415.06266730931,7560.13649202469,512394.0
CV,2016,,3560.1400729534,7881.30336227784,512554.0
CV,2017,,3719.71306047915,8234.56000312459,512893.0
CV,2018,,3853.67940035241,8531.12961646549,513415.0
CV,2019,,4115.90283469406,9111.62993173269,514104.0
CV,2020,,3255.93628984058,7207.86853962048,514679.0
CV,2021,,3471.6553421786,7685.41921393669,516649.0
CV,2022,,3997.76763250653,8850.1066918812,519741.0
CV,2023,,4168.67748407593,9228.4604533114,522331.0
CV,2024,,4438.38741931171,9825.53410093619,524877.0
CW,2024,,18044.7750692923,28762.0581566389,155967.0
CY,2024,,32757.541015625,52861.8359375,1358282.0
DJ,2013,,2140.13769442336,4469.07409933135,984824.0
DJ,2014,,2253.14082249768,4705.04926772184,1002717.0
DJ,2015,,2376.12554719873,4961.8681860592,1020313.0
DJ,2016,,2502.85181449431,5226.50026106607,1037653.0
DJ,2017,,2596.45134698268,5421.95649149613,1054841.0
DJ,2018,,2677.1650334451,5590.50426604853,1071882.0
DJ,2019,,2781.94350113484,5809.30455041341,1088709.0
DJ,2020,,2773.40661780097,5791.47767679877,1105188.0
DJ,2021,,2854.15987035097,5960.10807396825,1121248.0
DJ,2022,,2959.78673011268,6180.67998594606,1137096.0
DJ,2023,,3117.8155381531,6510.67859061619,1152944.0
DJ,2024,,3290.42482052598,6871.12440453129,1168722.0
DM,2000,,6879.59737273918,14054.6548016043,68511.0
DM,2001,,6897.65674086518,14091.5491387572,68288.0
DM,2002,,6676.97271467957,13640.70330575,68367.0
DM,2003,,7047.66189595946,14398.0017636834,68531.0
DM,2008,,8682.57378179773,17738.0405685048,68854.0
DM,2009,,8582.71481435718,17534.0339616963,68864.0
DM,2010,,8574.27308682238,17516.7879573152,68859.0
DM,2011,,8553.8384670104,17475.0411061698,69053.0
DM,2012,,8532.34388117289,17431.1288003063,69118.0
DM,2013,,8459.6586988024,17282.6368040368,69715.0
DM,2014,,8576.26367623609,17520.8546265613,70373.0
DM,2015,,8282.59874702141,16920.9126555668,70410.0
DM,2016,,8499.52291903149,17364.0773046793,69606.0
DM,2017,,7985.6341102129,16314.2295558891,68496.0
DM,2018,,8261.16492553236,16877.1244880642,68174.0
DM,2019,,8624.51695993537,17619.4335416769,67880.0
DM,2020,,7302.94454951254,14919.5307686719,67573.0
DM,2021,,7738.31730070386,15808.9743503945,67202.0
DM,2022,,8590.92209069816,17550.8009946466,66826.0
DM,2023,,8946.98822588042,18278.2253401989,66510.0
DM,2024,,9172.71049624795,18739.3640404986,66205.0
DO,2024,,9168.45418897141,24229.8894872915,11427557.0
DZ,2024,,4765.72900168387,15501.9197003966,46814308.0
EC,2024,,5993.74697758454,13922.4222780744,18135478.0
EG,2024,,4137.6092923313,16798.151577838,116538258.0
ER,2000,315.395535029609,845.132430060544,,2247031.0
ER,2001,322.668541220259,893.268735439193,,2312079.0
ER,2002,299.832707809687,889.009113592982,,2392978.0
ER,2003,330.949471726041,830.379672282601,,2493903.0
ER,2004,268.667667611852,808.591420184592,,2598284.0
ER,2005,264.190146723474,809.794793468889,,2661215.0
ER,2006,245.383387133755,789.402432018085,,2703502.0
ER,2007,244.433724354807,789.072701743247,,2743222.0
ER,2008,239.25916399818,693.398874212494,,2816327.0
ER,2009,244.677921933455,702.430936480778,,2887885.0
ER,2010,248.894956494924,703.877374381654,,2945186.0
ER,2011,258.760972689353,751.374899794668,,2998485.0
ET,2024,,883.458588614999,2892.22220162795,132059767.0
FJ,2000,,3960.88903458193,9070.99318456826,840909.0
FJ,2001,,3998.79730008036,9157.80844623624,849596.0
FJ,2002,,4086.1043298133,9357.75382838604,858049.0
FJ,2003,,4087.72446536081,9361.4641667422,866286.0
FJ,2008,,4240.77264898616,9711.96604105756,903399.0
FJ,2009,,4164.29314815569,9536.81722352305,907239.0
FJ,2010,,4272.35916210382,9784.30360030575,910419.0
FJ,2011,,4375.58083514077,10020.6957548052,912989.0
FJ,2012,,4427.97841523552,10140.693585539,914918.0
FJ,2013,,4630.3512738488,10604.1559055372,916352.0
FJ,2014,,4883.24299340799,11183.3135250834,917585.0
FJ,2015,,5097.53106864695,11674.0633676202,918578.0
FJ,2016,,5218.85824573477,11951.9196738327,919166.0
FJ,2017,,5500.67840280072,12597.327485488,918759.0
FJ,2018,,5720.21445752907,13100.095939444,917180.0
FJ,2019,,5701.10434532357,13056.3310937089,914899.0
FJ,2020,,4721.12281287253,10812.0355014178,914963.0
FJ,2021,,4507.33353013335,10322.4279638854,916711.0
FJ,2022,,5291.51692439451,12118.3182710082,919422.0
FJ,2023,,5761.56947891018,13194.8047570404,924145.0
FJ,2024,,5935.20895738332,13592.4635937435,928784.0
FM,2000,,2735.1956569283,3563.89180484484,112044.0
FM,2001,,2777.02466489199,3618.3939602241,112365.0
FM,2002,,2787.27413276067,3631.74876153373,112448.0
FM,2003,,2840.52449068865,3701.13265140057,112285.0
FM,2004,,2758.74590390098,3594.57718999286,111925.0
FM,2005,,2847.48229525537,3710.19849742597,111412.0
FM,2006,,2853.20713732847,3717.65782403635,110729.0
FM,2007,,2827.53072106163,3684.20209326281,109880.0
FM,2008,,2779.82971113098,3622.04886559734,108936.0
FM,2009,,2841.46745946079,3702.36131622048,107957.0
FM,2010,,2901.24604798215,3780.25132792653,107540.0
FM,2011,,3006.53976237006,3917.44641481482,107698.0
FM,2012,,2952.58709656817,3847.14743528337,107890.0
FM,2013,,2837.15746729135,3696.74550378941,108121.0
FM,2014,,2757.39654878889,3592.81901389543,108396.0
FM,2015,,2869.86276169101,3739.35968767448,108716.0
FM,2016,,2896.47282245468,3774.03193396948,109075.0
FM,2017,,2945.60147384462,3838.04534289261,109481.0
FM,2018,,2946.05827846428,3838.64054793262,109909.0
FM,2019,,3043.07718989012,3965.05377269396,110282.0
FM,2020,,2963.44360529022,3861.29319570301,110916.0
FM,2021,,3035.92251779232,3955.73141317971,111624.0
FM,2022,,2928.52464245951,3815.79465699672,112114.0
FM,2023,,2948.07720975276,3841.27116510816,112630.0
FM,2024,,3001.79669747008,3911.26631940407,113160.0
FO,2008,,44623.0315871975,54263.326408917,48547.0
FO,2009,,42379.0851176044,51534.6010087672,48790.0
FO,2010,,42334.391628988,51480.252003895,48656.0
FO,2011,,43947.1570625821,53441.4369353384,48542.0
FO,2012,,47304.8451728204,57524.5150997874,48290.0
FO,2013,,50121.7919684574,60950.0309827571,48245.0
FO,2014,,52645.8769957728,64019.4156670638,48427.0
FO,2015,,52638.2668218454,64010.1614022331,48898.0
FO,2016,,52758.462646154,64156.3241575516,49463.0
FO,2017,,53832.1022752798,65461.9113301074,50179.0
FO,2018,,54432.5257658066,66192.0494379671,50997.0
FO,2019,,56031.6628701293,68136.6617957112,51790.0
FO,2020,,54305.7918823334,66037.9361506945,52561.0
FO,2021,,56275.5306614124,68433.2144298182,53291.0
FO,2022,,57784.7223702914,70268.4497197492,53903.0
FO,2023,,59067.5637446297,71828.4342781841,54398.0
FO,2024,,59302.1098546142,72113.6513885269,54640.0
GA,2024,,6618.9868586134,18923.6616609778,2538952.0
GD,2000,,6677.1265230922,11625.050939182,107451.0
GD,2001,,6509.51660313374,11333.2377092409,107987.0
GD,2002,,6707.36873532777,11677.7034172407,108404.0
GD,2003,,7309.78547094579,12726.5266219464,108884.0
GD,2008,,8307.49221491819,14463.560012123,110896.0
GD,2009,,7733.12990600058,13463.580293958,111254.0
GD,2010,,7670.71165827663,13354.9085012616,111586.0
GD,2011,,7695.37616017287,13397.8500405513,112079.0
GD,2012,,7559.5628483956,13161.3955324377,112775.0
GD,2013,,7688.75297701343,13386.3189064112,113487.0
GD,2014,,8206.62862112333,14287.9538720088,114132.0
GD,2015,,8694.12438005692,15136.6966673773,114676.0
GD,2016,,8983.68397337899,15640.8274503805,115130.0
GD,2017,,9357.40728883583,16291.4894625979,115438.0
GD,2018,,9744.16919577204,16964.852001696,115691.0
GD,2019,,9785.56040240592,17036.9151689715,115981.0
GD,2020,,8413.28335500372,14647.7451384876,116341.0
GD,2021,,8782.32193426078,15290.250903138,116688.0
GD,2022,,9406.19337643226,16376.4273099594,116913.0
GD,2023,,9817.86383583917,17093.1562867447,117081.0
GD,2024,,10042.6503142063,17484.5153919556,117207.0
GE,2024,,6606.35772271858,24146.6234108645,3812518.0
GH,2024,,2173.00329800201,7072.79879594445,34427414.0
GL,2000,,31623.0591501943,44991.6751496134,56185.0
GL,2001,,31914.1710964481,45405.8543742044,56379.0
GL,2002,,31483.6074780094,44793.2704252565,56595.0
GL,2003,,32787.9680355213,46649.0480779756,56751.0
GL,2004,,34961.9356097257,49742.0582266726,56898.0
GL,2005,,36681.8055890619,52189.001485462,56935.0
GL,2006,,38828.8524943222,55243.7102798786,56775.0
GL,2007,,39896.875364094,56763.2387284359,56555.0
GL,2008,,42527.6668469766,60506.1946272328,56328.0
GL,2009,,42899.7441985862,61035.5672997071,56323.0
GL,2010,,43481.5161087805,61863.2826915137,56534.0
GL,2011,,42994.8790874739,61170.9203658321,56890.0
GL,2012,,43655.7004664255,62111.1033086807,56810.0
GL,2013,,43338.3839246907,61659.6415225985,56483.0
GL,2014,,45545.1429414917,64799.3056628017,56295.0
GL,2015,,44536.3549705377,63364.0536061164,56114.0
GL,2016,,46561.7831434013,66245.7294730698,56186.0
GL,2017,,46597.9452470348,66297.1790691281,56172.0
GL,2018,,47012.9860350276,66887.6779268926,56023.0
GL,2019,,48170.7896955512,68534.9419039133,56225.0
GL,2020,,48169.9406957389,68533.7339902964,56367.0
GL,2021,,48709.9339758895,69302.0088788237,56653.0
GL,2022,,49679.3365414895,70681.2253902158,56661.0
GL,2023,,49929.7755428605,71037.5372239623,56865.0
GM,2000,,659.911237641141,2658.61770579464,1455084.0
GM,2001,,679.539755947951,2737.69610805906,1495011.0
GM,2002,,640.03893213613,2578.557145742,1535691.0
GM,2003,,665.834222326194,2682.47993310133,1577611.0
GM,2008,,657.675679192228,2649.61119865306,1817852.0
GM,2009,,681.433469086571,2745.32540574768,1871422.0
GM,2010,,701.014524591061,2824.21259222517,1926630.0
GM,2011,,625.464360270983,2519.83983255672,1983784.0
GM,2012,,639.139881889048,2574.93509664061,2043094.0
GM,2013,,638.522368532214,2572.44728941685,2103820.0
GM,2014,,611.879472952196,2465.10971144823,2164528.0
GM,2015,,619.536364296461,2495.95741601525,2224529.0
GM,2016,,615.193365494386,2478.46055756999,2283769.0
GM,2017,,628.777299272925,2533.18683710276,2342189.0
GM,2018,,658.127833258563,2651.43281455826,2399632.0
GM,2019,,682.797642940426,2750.82132179634,2456844.0
GM,2020,,670.758642891251,2702.31919474482,2515733.0
GM,2021,,689.49323955737,2777.79620978324,2576010.0
GM,2022,,710.686979216316,2863.18049829859,2636470.0
GM,2023,,735.612384062616,2963.59873467436,2697845.0
GM,2024,,758.965888826955,3057.6841778633,2759988.0
GN,2000,,614.137235083638,2358.28765608495,8428832.0
GN,2001,,628.320554864936,2412.75161959628,8539960.0
GN,2002,,650.554963973291,2498.13177495102,8674066.0
GN,2003,,644.071217908894,2473.23418295471,8870781.0
GN,2004,,645.182843390689,2477.50282602363,9062726.0
GN,2005,,651.359606871604,2501.22160456279,9245844.0
GN,2006,,645.472001923653,2478.61319510726,9441171.0
GN,2007,,673.698997420626,2587.0048887648,9662281.0
GN,2008,,684.775780377366,2629.5397474637,9898870.0
GN,2009,,660.756701330284,2537.30645758746,10143534.0
GN,2010,,675.736917327708,2594.83050344245,10396086.0
GN,2011,,696.199991395571,2673.40873029955,10656810.0
GN,2012,,719.505916794546,2762.90350938513,10921581.0
GN,2013,,729.833143236326,2802.56007024474,11191873.0
GN,2014,,738.272274481308,2834.96634347846,11472924.0
GN,2015,,747.356966759448,2869.85157178732,11767070.0
GN,2016,,807.236421043888,3099.78874189372,12073030.0
GN,2017,,867.907502577607,3332.76576150531,12385659.0
GN,2018,,899.907328045175,3455.64512638662,12704774.0
GN,2019,,926.42221954853,3557.46233883145,13034346.0
GN,2020,,945.570903389665,3630.99330577677,13371183.0
GN,2021,,973.646890096159,3738.8051255133,13710513.0
GN,2022,,987.502501465337,3792.01068836277,14055137.0
GN,2023,,1016.88094800324,3904.82395527998,14405468.0
GN,2024,,1045.92207475792,4016.34191385979,14754785.0
GQ,2024,,4892.95310498567,14997.7564392976,1892516.0
GT,2024,,4564.21378502908,12643.9841235004,18406359.0
GW,2000,,571.094015178625,1974.74466342453,1234741.0
GW,2001,,585.837980688333,2025.72675469878,1261273.0
GW,2002,,594.040535151552,2054.08977413547,1289307.0
GW,2003,,579.092506821836,2002.40206880451,1318806.0
GW,2008,,608.958620496925,2105.67394178792,1488054.0
GW,2009,,608.202131879882,2103.05813454823,1526377.0
GW,2010,,625.904027290582,2164.26823755351,1566347.0
GW,2011,,658.953470528116,2278.54751544448,1608076.0
GW,2012,,630.66862302825,2180.74338832775,1651417.0
GW,2013,,634.095456089352,2192.5927863603,1695973.0
GW,2014,,623.610159103365,2156.33643676255,1741122.0
GW,2015,,645.066837207039,2230.52993109779,1786457.0
GW,2016,,663.242608032005,2293.37861360238,1831893.0
GW,2017,,677.466131311367,2342.56110535416,1877072.0
GW,2018,,686.456819839526,2373.64935653455,1922168.0
GW,2019,,706.298562874985,2442.25868377476,1967696.0
GW,2020,,710.275830755611,2456.01139053324,2013255.0
GW,2021,,729.396882757942,2522.12869240841,2058841.0
GW,2022,,752.149255217249,2600.802474483,2105529.0
GW,2023,,769.504652461795,2660.81444655656,2153339.0
GW,2024,,785.91021956464,2717.54206972499,2201352.0
GY,2000,,3759.60789699989,8025.29326490962,764832.0
GY,2001,,3847.09461851367,8212.04321760917,764477.0
GY,2002,,3894.87107415198,8314.0272750321,763652.0
GY,2003,,3873.04123684261,8267.42910545363,763101.0
GY,2008,,4472.34517889699,9546.70875949436,754606.0
GY,2009,,4649.34144792756,9924.52660770631,752094.0
GY,2010,,4860.09110980566,10374.3947557656,749256.0
GY,2011,,5133.89539813637,10958.8598838438,746153.0
GY,2012,,5403.79899428921,11534.9985588659,746288.0
GY,2013,,5573.3421790463,11896.9069854942,750021.0
GY,2014,,5635.71704117947,12030.0529344045,754229.0
GY,2015,,5640.41560569466,12040.08253302,758781.0
GY,2016,,5818.61682204646,12420.4724727603,763548.0
GY,2017,,5997.18271426826,12801.6408529346,768479.0
GY,2018,,6080.90612132746,12980.3576003177,791556.0
GY,2019,,6278.63054079553,13402.4219472757,807665.0
GY,2020,,9010.61000469878,19234.1301977637,807481.0
GY,2021,,10711.9973374148,22865.9270968882,815482.0
GY,2022,,17365.3336428642,37068.1993827588,821637.0
GY,2023,,23101.3538282741,49312.3603225444,826353.0
GY,2024,,33034.948872927,70516.7027944836,831087.0
HK,2024,,44734.4365296835,66186.0448635456,7524100.0
HN,2024,,2575.32081187859,6590.84384301553,10825703.0
HR,2024,,17854.3262648378,42828.7997273569,3866200.0
HT,2024,,1154.68841945337,2783.79140882788,11772557.0
ID,2024,,4367.94741847938,14470.7179806578,283487931.0
IN,2024,,2366.8328910323,9416.05137044735,1450935791.0
IQ,2024,,4180.29619477317,12725.0431260364,46042015.0
IR,2024,,5834.44296939863,17484.1320140467,91567738.0
JM,2024,,6096.4327030963,11340.2638800451,2839175.0
JO,2024,,4441.03974922351,10468.265334284,11552876.0
KG,2024,,1423.58624650541,7210.57669830499,7221868.0
KH,2024,,2183.55682401667,7011.58146903703,17638801.0
KI,2000,,1555.58204812097,2481.73318329794,88613.0
KI,2001,,1477.95177621217,2357.88396425016,90335.0
KI,2002,,1467.99273241655,2341.99557733328,92264.0
KI,2003,,1415.54577869304,2258.32313744125,94175.0
KI,2008,,1361.83599775608,2172.63601744656,104222.0
KI,2009,,1340.27605600221,2138.23987425041,106467.0
KI,2010,,1328.78776438805,2119.91176706204,108704.0
KI,2011,,1348.0602369873,2150.65854434166,110647.0
KI,2012,,1405.5029344967,2242.30105765006,112284.0
KI,2013,,1493.49148676402,2382.67559474112,113838.0
KI,2014,,1492.8508200481,2381.65349253168,115326.0
KI,2015,,1639.85274740652,2616.17635911711,116815.0
KI,2016,,1731.43702001694,2762.28741039854,118478.0
KI,2017,,1768.87874841933,2822.02092296284,120275.0
KI,2018,,1802.34850714657,2875.41766341166,122084.0
KI,2019,,1834.42627824847,2926.59366475855,123921.0
KI,2020,,1779.62973024917,2839.17274622563,126099.0
KI,2021,,1895.61362957222,3024.21029665634,128377.0
KI,2022,,1960.15475844976,3127.17745381556,130469.0
KI,2023,,1990.14605922104,3175.02475728903,132530.0
KI,2024,,2052.81298774256,3275.00186630433,134518.0
KM,2000,,1150.82871091807,2917.87154106634,536080.0
KM,2001,,1188.50139049127,3013.38883096315,547220.0
KM,2002,,1217.11534330128,3085.93814937142,558923.0
KM,2003,,1216.98069479509,3085.59675447872,569798.0
KM,2008,,1235.97280465287,3133.75034704474,629307.0
KM,2009,,1250.90237145763,3171.6035546392,641947.0
KM,2010,,1272.60716208007,3226.63502045267,654836.0
KM,2011,,1299.11093449408,3293.83407668409,668056.0
KM,2012,,1313.58187559666,3330.52446059187,681630.0
KM,2013,,1343.54683280656,3406.49918649378,696192.0
KM,2014,,1342.3295858321,3403.41291459985,711503.0
KM,2015,,1329.37048235986,3370.5557232032,726682.0
KM,2016,,1345.6261652831,3411.77123523582,741741.0
KM,2017,,1369.41180275963,3472.07858942366,756669.0
KM,2018,,1391.84570443267,3528.95868167877,771590.0
KM,2019,,1389.36488014859,3522.66866952646,786578.0
KM,2020,,1359.7070891825,3447.47274904772,802163.0
KM,2021,,1360.32663361462,3449.0435745318,818174.0
KM,2022,,1366.9513495529,3465.8402271705,834188.0
KM,2023,,1383.64201759575,3508.15862331545,850387.0
KM,2024,,1402.52614298112,3556.0384263801,866628.0
KN,2000,,14039.0281125333,19840.5800645267,45248.0
KN,2001,,14610.9099610508,20648.7889741472,45761.0
KN,2002,,14727.3908829316,20813.4050029806,46020.0
KN,2003,,14100.3067967234,19927.1818314137,46176.0
KN,2008,,18325.7612670282,25898.7823620981,46835.0
KN,2009,,17671.2547069735,24973.8045286303,46916.0
KN,2010,,17688.0690103409,24997.5672513428,46846.0
KN,2011,,17958.6813977053,25380.0087348215,46886.0
KN,2012,,17770.4963640576,25114.0572603244,47033.0
KN,2013,,18773.8926898397,26532.1016561725,47069.0
KN,2014,,20187.8061975481,28530.3072249013,47089.0
KN,2015,,20328.8003530109,28729.566447667,47087.0
KN,2016,,21133.6575914414,29867.0265589791,47075.0
KN,2017,,21191.6047083703,29948.9200065682,47050.0
KN,2018,,21635.4972146482,30576.2486749244,47008.0
KN,2019,,22297.7644995701,31512.1943105684,46952.0
KN,2020,,18918.8263456611,26736.9283563771,46870.0
KN,2021,,19031.8211910603,26896.6177065978,46763.0
KN,2022,,21050.758653729,29749.8700864823,46709.0
KN,2023,,21664.0333984701,30616.577281386,46758.0
KN,2024,,21692.2406392872,30656.4410109367,46843.0
KW,2024,,24140.3257964584,46664.2195116056,4897263.0
KY,2006,,96066.6290832355,92213.0760037266,48232.0
KY,2007,,96202.7379415493,92343.7250815203,49687.0
KY,2008,,93115.3168416314,89380.1507450505,51151.0
KY,2009,,84001.4215657607,80631.8442229627,52618.0
KY,2010,,79483.0972813604,76294.7650038522,54099.0
KY,2011,,78233.0187551876,75094.8312990407,55606.0
KY,2012,,77074.3890872511,73982.6781335848,57136.0
KY,2013,,76038.879554035,72988.7063433775,58655.0
KY,2014,,76104.6215727416,73051.811230324,60160.0
KY,2015,,76379.2095108681,73315.3845299162,61642.0
KY,2016,,77031.8643873625,73941.8592413192,63100.0
KY,2017,,77717.1752058822,74599.6799559357,64535.0
KY,2018,,79305.769672996,76124.5505976249,65941.0
KY,2019,,80714.5718222987,77476.8409913609,67327.0
KY,2020,,75199.6446006284,72183.1359045895,68684.0
KY,2021,,77259.6331096058,74160.4914000191,70108.0
KY,2022,,79942.1196290248,76735.3744333338,71591.0
KY,2023,,82906.5454943954,79580.8872845653,73038.0
KY,2024,,84381.4731440521,80996.6506641666,74457.0
KZ,2024,,11872.7842626298,35973.9633287017,20592571.0
LA,2024,,2721.07810663122,8600.3245466568,7769819.0
LB,2024,,5391.22914209501,10469.2210966932,5805962.0
LC,2000,,9198.93894352203,18638.117705755,158616.0
LC,2001,,8795.54582090658,17820.7964312951,160237.0
LC,2002,,8755.45939353129,17739.5766779723,161641.0
LC,2003,,9054.06778374517,18344.5919258071,162976.0
LC,2008,,10583.4310172598,21443.2592977841,168808.0
LC,2009,,10219.8024011561,20706.505527623,169869.0
LC,2010,,10191.3146827694,20648.7861045765,170906.0
LC,2011,,10576.8979743596,21430.0225948015,171801.0
LC,2012,,10517.2777635533,21309.2251296295,172587.0
LC,2013,,10279.4155096001,20827.2886025849,173369.0
LC,2014,,10369.9382566513,21010.6981919895,174138.0
LC,2015,,10334.9860823918,20939.8810312364,174905.0
LC,2016,,10644.1612913407,21566.3058799575,175646.0
LC,2017,,10960.4843512477,22207.2131041263,176342.0
LC,2018,,11233.8883578457,22761.1613461447,177017.0
LC,2019,,11077.9479823807,22445.2080507874,177661.0
LC,2020,,8512.8183987353,17247.9578674753,178250.0
LC,2021,,9447.30059244639,19141.3272253168,178522.0
LC,2022,,11258.6110790564,22811.2524480383,178781.0
LC,2023,,11665.6826047818,23636.0265940253,179285.0
LC,2024,,12190.7970890156,24699.9694711589,179744.0
LK,2024,,4198.74513727898,13793.0669827677,21916000.0
LR,2000,,754.850917360951,1868.17975587618,2928117.0
LR,2001,,754.422355762017,1867.11910921753,3015338.0
LR,2002,,762.716393927064,1887.64601570733,3094782.0
LR,2003,,528.567395543421,1308.15090140274,3119532.0
LR,2004,,535.995882066218,1326.53565502695,3156892.0
LR,2005,,539.665378841936,1335.61728880785,3301015.0
LR,2006,,551.377446611852,1364.60347323709,3490787.0
LR,2007,,574.609394348543,1422.10019670004,3669050.0
LR,2008,,591.185378141907,1463.12408187297,3821003.0
LR,2009,,603.256211077605,1492.99817384053,3943028.0
LR,2010,,621.783295071575,1538.85083488512,4058890.0
LR,2011,,646.908727016597,1601.03374045996,4221178.0
LR,2012,,674.360011422232,1668.97289588776,4373043.0
LR,2013,,717.007280358975,1774.5205777394,4470239.0
LR,2014,,707.157694930142,1750.1438489328,4564293.0
LR,2015,,692.590082351257,1714.09047960464,4659431.0
LR,2016,,668.031513175601,1653.31050211233,4755608.0
LR,2017,,671.260899835355,1661.30290782171,4848925.0
LR,2018,,665.875439637137,1647.97443793846,4944726.0
LR,2019,,636.699384824869,1575.76665001238,5043721.0
LR,2020,,605.025475431411,1497.37692436272,5149463.0
LR,2021,,621.927983063426,1539.20892304674,5259323.0
LR,2022,,638.005183858289,1578.99837069175,5373294.0
LR,2023,,653.329188343162,1616.92373356695,5493031.0
LR,2024,,665.101337624192,1646.05861366601,5612817.0
LS,2000,,725.263668707773,1932.15793223415,2003913.0
LS,2001,,752.243212493971,2004.03350215955,2000853.0
LS,2002,,760.033443180306,2024.78727304864,1994679.0
LS,2003,,798.540500554454,2127.37302160132,1985059.0
LS,2008,,971.881366821351,2589.16635854686,1966541.0
LS,2009,,952.747929746529,2538.19341751854,1980883.0
LS,2010,,995.233432451681,2651.37804898226,1996251.0
LS,2011,,1031.99721564343,2749.31958166573,2014009.0
LS,2012,,1086.39034816283,2894.22705048142,2034354.0
LS,2013,,1093.95323489272,2914.37515966739,2056504.0
LS,2014,,1100.04993684215,2930.61724036206,2080089.0
LS,2015,,1121.19851342518,2986.95866729879,2104611.0
LS,2016,,1147.58748801671,3057.26091568162,2130422.0
LS,2017,,1097.82166812752,2924.68096193272,2157110.0
LS,2018,,1068.44462913373,2846.41828124649,2183603.0
LS,2019,,1040.99351014117,2773.28639887236,2209405.0
LS,2020,,944.834128375429,2517.11044486593,2235727.0
LS,2021,,955.221236301503,2544.78249551214,2261542.0
LS,2022,,967.51928598325,2577.54544127769,2286110.0
LS,2023,,973.116561960912,2592.4570129526,2311472.0
LS,2024,,1012.59379523386,2697.62738436647,2337423.0
LY,2024,,7696.0807819319,12583.8338726816,7381023.0
MA,2024,,3516.15405273438,9162.7470703125,38081173.0
MD,2024,,3855.56940382925,16393.8633257184,2402306.0
ME,2000,,4391.36753581801,14452.2161423496,604950.0
ME,2001,,4421.83790075206,14552.4956785923,607389.0
ME,2002,,4488.00506787032,14770.255224547,609828.0
ME,2003,,4581.10485010973,15076.6513903781,612267.0
ME,2004,,4775.39661599401,15716.0755725572,613353.0
ME,2024,,8540.00427762252,28105.5927726624,623525.0
MG,2024,,453.957809653992,1659.15030770194,31964956.0
MH,2000,,3040.59677355737,3772.69913192999,50706.0
MH,2001,,3224.7911898754,4001.24312059454,51123.0
MH,2002,,3322.41127856101,4122.36777186234,51425.0
MH,2003,,3256.97244330835,4041.17284358405,51639.0
MH,2008,,3146.26177205458,3903.80571323423,52030.0
MH,2009,,3262.26955535477,4047.74537243531,52019.0
MH,2010,,3441.31888402121,4269.9054604506,52044.0
MH,2011,,3433.06297801838,4259.66173142969,51907.0
MH,2012,,3420.91444796671,4244.58812838612,51419.0
MH,2013,,3602.92811901896,4470.42630092843,50681.0
MH,2014,,3620.77275283155,4492.56749211821,49796.0
MH,2015,,3764.34426229508,4670.70755785577,48800.0
MH,2016,,3946.8444109078,4897.14934002038,47709.0
MH,2017,,4190.93468589482,5200.01066532485,46529.0
MH,2018,,4542.34293916308,5636.02954937672,45285.0
MH,2019,,5162.81500670348,6405.89632387105,44007.0
MH,2020,,5172.57528216176,6418.00663822416,42706.0
MH,2021,,5455.31704015278,6768.82579129624,41367.0
MH,2022,,5591.46393193103,6937.75357050514,40077.0
MH,2023,,5460.11795915213,6774.78265578378,38827.0
MH,2024,,5832.53435602429,7236.8679376649,37548.0
MK,2024,,6628.84686594032,24203.1855800189,1824359.0
ML,2000,,682.497420451512,2187.71894207161,11559290.0
ML,2001,,766.960343250964,2458.46155673065,11912158.0
ML,2002,,766.073669039402,2455.61935702417,12288050.0
ML,2003,,814.808466518784,2611.8368552722,12684955.0
ML,2004,,800.501816705242,2565.9774456147,13102409.0
ML,2005,,794.373328212082,2546.33281405861,13538647.0
ML,2006,,797.10053288464,2555.07476258805,13990139.0
ML,2007,,784.893915013531,2515.94692366143,14457775.0
ML,2008,,787.156518982091,2523.19961270039,14940782.0
ML,2009,,803.486738930068,2575.54549773648,15435539.0
ML,2010,,821.181286586904,2632.2646821909,15945198.0
ML,2011,,818.399030997125,2623.34627008698,16469049.0
ML,2012,,786.323471337187,2520.52931086804,16957033.0
ML,2013,,788.819448208696,2528.5300676726,17459615.0
ML,2014,,813.97566128646,2609.16733048395,18020267.0
ML,2015,,838.11986940103,2686.56065073799,18593022.0
ML,2016,,860.75307554569,2759.11051293341,19191289.0
ML,2017,,878.561348378099,2816.19423901587,19813011.0
ML,2018,,892.978322787306,2862.40728987476,20442030.0
ML,2019,,909.751069706998,2916.17167791084,21068405.0
ML,2020,,872.389426815267,2796.41038444386,21713836.0
ML,2021,,872.332509422409,2796.22793795431,22388630.0
ML,2022,,877.817842434642,2813.81095962565,23072640.0
ML,2023,,892.689219532429,2861.48058063314,23769127.0
ML,2024,,910.300376300627,2917.93245883671,24478595.0
MM,2024,,1158.47928097728,5276.29433987853,54500091.0
MN,2024,,4626.79609644243,16842.6505873797,3524788.0
MO,2000,,31772.6302531656,55994.760697993,430600.0
MO,2001,,32441.6760183581,57173.8590987063,433900.0
MO,2002,,34967.8914561813,61625.9560068114,438400.0
MO,2003,,38581.6976189322,67994.777526459,443600.0
MO,2004,,47665.9330386643,84004.4558061302,454700.0
MO,2005,,49470.940295748,87185.5254441553,473500.0
MO,2006,,53240.2045750276,93828.3198758417,498900.0
MO,2007,,58376.1176047275,102879.639164559,520900.0
MO,2008,,58146.3285846714,102474.668562926,540700.0
MO,2009,,59528.8350159491,104911.140336462,535000.0
MO,2010,,74195.0577762344,130758.2806979,537000.0
MO,2011,,88168.9713699088,155385.324208541,549600.0
MO,2012,,93192.885853941,164239.261923457,567900.0
MO,2013,,99054.4980289716,174569.523171267,591900.0
MO,2014,,92383.8434915276,162813.439348589,621700.0
MO,2015,,69902.9605741233,123194.067291275,642900.0
MO,2016,,68391.3415491921,120530.052858314,652500.0
MO,2017,,75650.1261840452,133322.632677744,648400.0
MO,2018,,79178.6506290559,139541.157248769,658900.0
MO,2019,,75724.6078280261,133453.896026037,672000.0
MO,2020,,33853.7761550109,59662.4855864551,685400.0
MO,2021,,41634.2386139903,73374.4486829589,682500.0
MO,2022,,34000.7134128308,59921.441691873,677300.0
MO,2023,,59474.3964251614,104815.20003062,678800.0
MO,2024,,63377.2932129214,111693.502831434,687000.0
MR,2000,,1307.91078676112,5008.60806518774,2613441.0
MR,2001,,1265.81694335882,4847.41085992453,2678760.0
MR,2002,,1255.23785465583,4806.89853329148,2738655.0
MR,2003,,1311.83928290699,5023.65213216804,2802046.0
MR,2004,,1342.01926086998,5139.22552032468,2868664.0
MR,2005,,1422.08355395812,5445.82950903243,2939059.0
MR,2006,,1641.14052210995,6284.70209004217,3013660.0
MR,2007,,1567.52103874761,6002.77832134488,3093059.0
MR,2008,,1518.05671993749,5813.35608502791,3183269.0
MR,2009,,1472.73229282851,5639.78744910419,3284448.0
MR,2010,,1463.84763242531,5605.76388862715,3390965.0
MR,2011,,1476.23923867862,5653.21720092427,3502811.0
MR,2012,,1492.69966692583,5716.25195414285,3619034.0
MR,2013,,1506.66419033006,5769.72870902318,3734318.0
MR,2014,,1524.45340969502,5837.85203095508,3848514.0
MR,2015,,1558.84205473416,5969.54239289516,3965959.0
MR,2016,,1531.87725661699,5866.28144674129,4086657.0
MR,2017,,1580.01453100123,6050.62180325299,4210600.0
MR,2018,,1606.91539159026,6153.63790241704,4337685.0
MR,2019,,1609.15396170643,6162.21044455969,4467708.0
MR,2020,,1557.19511875153,5963.23549724988,4600131.0
MR,2021,,1524.11753502309,5836.56580821897,4734874.0
MR,2022,,1580.70391528747,6053.26178124768,4875637.0
MR,2023,,1638.99221583023,6276.47521075653,5022441.0
MR,2024,,1692.84166088843,6482.69016635936,5169395.0
MT,2024,,34501.7892727094,62398.4892388947,568847.0
MU,2024,,11918.8045212095,27844.8956114831,1245779.0
MV,2000,,7037.08546104613,13738.2809408875,282019.0
MV,2001,,6647.6503820039,12977.9990665612,286767.0
MV,2002,,7012.25568873173,13689.8065561949,291616.0
MV,2003,,7845.29307409315,15316.1192814998,296491.0
MV,2008,,9396.49733610486,18344.4866455436,336170.0
MV,2009,,8313.4098369723,16230.0089361263,348275.0
MV,2010,,8569.52494600725,16730.0144200167,360792.0
MV,2011,,9005.81391375104,17581.7676697752,373674.0
MV,2012,,8907.66134868182,17390.1474995422,386818.0
MV,2013,,9213.32791442475,17986.8907361645,400070.0
MV,2014,,9612.07861806739,18765.3592118344,413617.0
MV,2015,,9644.90655028145,18829.4481529112,428154.0
MV,2016,,9909.07669723415,19345.1792343541,443308.0
MV,2017,,10263.2991147672,20036.7165354949,458287.0
MV,2018,,10793.8941325367,21072.5805249694,473099.0
MV,2019,,11194.9253748064,21855.501224579,487731.0
MV,2020,,7295.60220956454,14242.9750701162,502118.0
MV,2021,,9759.2219360708,19052.6224904311,516154.0
MV,2022,,10939.9963271738,21357.8112511153,524106.0
MV,2023,,11439.5364342871,22333.0477138175,525994.0
MV,2024,,11798.791369146,23034.4098404839,527799.0
MW,2000,,418.592985038462,1239.39174838676,11315942.0
MW,2001,,388.260039763569,1149.58039601898,11593058.0
MW,2002,,385.308980237095,1140.84274642418,11880440.0
MW,2003,,397.224846758815,1176.12385998737,12181574.0
MW,2004,,408.064916052765,1208.2196975075,12500737.0
MW,2005,,410.267979592536,1214.7426419188,12840031.0
MW,2006,,417.877689776503,1237.27386519947,13198701.0
MW,2007,,445.254305419586,1318.33196397214,13576343.0
MW,2008,,465.55147298007,1378.42886690465,13976417.0
MW,2009,,489.631418790158,1449.72601522136,14395788.0
MW,2010,,508.088650552846,1504.37514113215,14826463.0
MW,2011,,517.833736624232,1533.22889572405,15265022.0
MW,2012,,512.74031797451,1518.14803849238,15709577.0
MW,2013,,525.357645516557,1555.50607410511,16161816.0
MW,2014,,539.562601918057,1597.56484331405,16621538.0
MW,2015,,539.605363240686,1597.69145324855,17085587.0
MW,2016,,538.221990810959,1593.59549264808,17557739.0
MW,2017,,544.795729220349,1613.0593571462,18039715.0
MW,2018,,553.528790902088,1638.91665761076,18528081.0
MW,2019,,569.866249371948,1687.28944917892,19025752.0
MW,2020,,559.447086086067,1656.43985192533,19533888.0
MW,2021,,569.968967322435,1687.59358179651,20047258.0
MW,2022,,560.635759714941,1659.95933825168,20568728.0
MW,2023,,557.03523965791,1649.29873234551,21104482.0
MW,2024,,551.95152347056,1634.24660266597,21655286.0
MY,2024,,11883.79127749,34116.2317848885,35557673.0
MZ,2024,,605.763481416969,1500.70758504856,34631766.0
NA,2024,,4032.40150676649,10276.3686426386,3030131.0
NE,2024,,589.085643279512,1795.65266888022,27032412.0
NG,2024,,2324.59702394542,7994.03754470824,232679478.0
NI,2024,,2290.31991989418,7661.09410113202,6916140.0
NP,2024,,1179.95499311034,5047.42449022702,29651054.0
NR,2000,,6079.9670062498,8846.08124781221,10168.0
NR,2001,,5690.157298319,8278.92548134223,10130.0
NR,2002,,5147.16201696177,7488.89152702519,10082.0
NR,2003,,5173.61228781975,7527.37549326971,10059.0
NR,2004,,4949.8909692212,7201.87093721601,10060.0
NR,2005,,4955.30929946913,7209.75436644373,10049.0
NR,2006,,5382.10161869099,7830.71818547398,10034.0
NR,2007,,4199.70508141733,6110.38387689914,10020.0
NR,2008,,5045.18472364491,7340.51910638777,10009.0
NR,2009,,4761.56658392323,6927.86734285808,10016.0
NR,2010,,4748.76539924078,6909.24218919312,10043.0
NR,2011,,5417.44487923767,7882.14105570292,10098.0
NR,2012,,6626.18317072945,9640.80144364362,10267.0
NR,2013,,6735.42128061862,9799.7380290632,10517.0
NR,2014,,7638.99065218892,11114.3912279587,10742.0
NR,2015,,7747.25584993607,11271.9122695363,10954.0
NR,2016,,7925.5779662048,11531.3630078665,11150.0
NR,2017,,7308.31758516515,10633.2766406018,11324.0
NR,2018,,7149.78109138393,10402.6131019197,11477.0
NR,2019,,7687.19643322519,11184.5284927206,11587.0
NR,2020,,7770.69883784016,11306.0207729999,11643.0
NR,2021,,8325.88214663427,12113.787764494,11709.0
NR,2022,,8260.97398991108,12019.3492868791,11801.0
NR,2023,,8150.43396263948,11858.5184696436,11875.0
NR,2024,,8218.72476802021,11957.8785504229,11947.0
OM,2024,,17347.2911298513,36721.0804548374,5281538.0
PA,2024,,17122.7168795289,36394.9235366316,4515577.0
PE,2024,,6732.27773809578,15708.8329440963,34217848.0
PG,2000,,1989.57882204274,3327.22485837041,5537064.0
PG,2001,,1920.78003889393,3212.17084845522,5728435.0
PG,2002,,1854.41831737462,3101.1924006365,5924003.0
PG,2003,,1832.67870314447,3064.83667344612,6123997.0
PG,2004,,1821.84741071002,3046.72321896172,6328041.0
PG,2005,,1875.82273480514,3136.98756942536,6535905.0
PG,2006,,1915.2349405788,3202.89763507367,6747720.0
PG,2007,,2000.9726186689,3346.27900337124,6963345.0
PG,2008,,1934.03201558753,3234.33247673,7183002.0
PG,2009,,2003.24109727039,3350.07263964739,7406438.0
PG,2010,,2140.50939027384,3579.63000710983,7633523.0
PG,2011,,2102.03192060639,3515.28312517363,7859346.0
PG,2012,,2139.48096660428,3577.91014722774,8081390.0
PG,2013,,2162.10592595591,3615.74646029074,8302698.0
PG,2014,,2391.3578028163,3999.13038811865,8523441.0
PG,2015,,2484.5963398603,4155.05563962107,8743246.0
PG,2016,,2557.09463030035,4276.29643263164,8961718.0
PG,2017,,2584.8883636271,4322.77662200998,9178714.0
PG,2018,,2518.45899317321,4211.68504310327,9394513.0
PG,2019,,2572.56177967896,4302.16255230002,9609010.0
PG,2020,,2438.61137922293,4078.15378358566,9815746.0
PG,2021,,2378.3893914666,3977.44297360749,10012896.0
PG,2022,,2467.24008628973,4126.03032145403,10203169.0
PG,2023,,2515.28575096589,4206.37834691367,10389635.0
PG,2024,,2566.91067057792,4292.71205430013,10576502.0
PH,2024,,3926.14900894495,10378.1717703535,115843670.0
PK,2024,,1635.08731167091,5502.0736120186,251269164.0
PR,2000,,26131.9630643584,37298.5450447133,3810605.0
PR,2001,,27722.3671872748,39568.5528383032,3818774.0
PR,2002,,27940.3826219734,39879.7295566967,3823701.0
PR,2003,,27937.8165922567,39876.0670237773,3826095.0
PR,2004,,30375.7895758237,43355.8226365269,3826878.0
PR,2005,,29815.216422231,42555.7081189669,3821362.0
PR,2006,,29519.7386759729,42133.9682748773,3805214.0
PR,2007,,29347.8460041613,41888.6232716478,3782995.0
PR,2008,,28976.1310520159,41358.0689136668,3760866.0
PR,2009,,28565.767919549,40772.3514249612,3740410.0
PR,2010,,28569.5077088001,40777.6892825687,3724465.0
PR,2011,,28706.0207514856,40972.5364074959,3693464.0
PR,2012,,28968.6942131352,41347.4542013586,3661045.0
PR,2013,,29115.3549161996,41556.7852350074,3631427.0
PR,2014,,29141.2038639816,41593.6798280708,3585017.0
PR,2015,,29242.041465085,41737.6068571153,3535167.0
PR,2016,,29326.5748761873,41858.2626698462,3480432.0
PR,2017,,29061.5563802711,41479.9977732034,3410837.0
PR,2018,,28808.8518638025,41119.3088051648,3290690.0
PR,2019,,29185.0969964707,41656.3291581369,3302691.0
PR,2020,,28144.713741876,40171.3744461738,3281591.0
PR,2021,,28416.4489370346,40559.226188957,3262731.0
PR,2022,,29643.6396279994,42310.8139725719,3220148.0
PR,2023,,30012.9055109463,42837.872737145,3203794.0
PR,2024,,30978.7473320338,44216.4333367133,3202521.0
PS,2000,,2436.01207739636,4520.88992531975,2922153.0
PS,2001,,2153.45735383203,3996.50878001821,2997784.0
PS,2002,,1836.98042481351,3409.17287422698,3075373.0
PS,2003,,2041.60484619659,3788.92652721128,3154969.0
PS,2004,,2426.41565630382,4503.08034061409,3236626.0
PS,2005,,2632.24627423958,4885.07252184444,3320396.0
PS,2006,,2540.26763083127,4714.37331793342,3406334.0
PS,2007,,2569.98434108953,4769.52328096801,3494496.0
PS,2008,,2685.98601828464,4984.80579890695,3591977.0
PS,2009,,2840.01594969395,5270.66331643219,3689099.0
PS,2010,,2927.08101953403,5432.24363072522,3786161.0
PS,2011,,3128.10811061384,5805.32115329251,3882986.0
PS,2012,,3237.91619995789,6009.10925822042,3979998.0
PS,2013,,3309.63120243098,6142.20204342591,4076708.0
PS,2014,,3227.84934482645,5990.42661523778,4173398.0
PS,2015,,3272.15432360708,6072.65031768549,4270092.0
PS,2016,,3483.09903532972,6464.13352537371,4367088.0
PS,2017,,3462.97986107136,6426.79521615335,4454805.0
PS,2018,,3417.79440837962,6342.9374800852,4569087.0
PS,2019,,3378.4346209191,6269.89134527985,4685306.0
PS,2020,,2922.46801084844,5423.68254653126,4803269.0
PS,2021,,3051.48607007995,5663.12160743584,4922749.0
PS,2022,,3099.9609010368,5753.08395899307,5043612.0
PS,2023,,2997.22694077849,5562.42442563953,5165775.0
PS,2024,,2258.20698667764,4190.90911333626,5289152.0
PW,2000,,12216.9793626185,15410.1740281683,19178.0
PW,2001,,12996.5090361666,16393.4521014909,19352.0
PW,2002,,13503.9227174315,17033.490272996,19503.0
PW,2003,,13111.7142001123,16538.7688424505,19659.0
PW,2004,,13456.8137686422,16974.0682933412,19820.0
PW,2005,,13845.7172322875,17464.6208167636,19819.0
PW,2006,,14037.3706523634,17706.3673621904,19593.0
PW,2007,,14346.8995831129,18096.7989531775,19302.0
PW,2008,,13759.0034121669,17355.2423019079,19009.0
PW,2009,,13113.5786666921,16541.1206311875,18709.0
PW,2010,,12933.0676102142,16313.4287679398,18396.0
PW,2011,,13758.7587383152,17354.9336767951,18078.0
PW,2012,,14289.7833891839,18024.7540996872,17765.0
PW,2013,,14184.0449521037,17891.3784371353,17648.0
PW,2014,,14725.8436432778,18574.7889489655,17715.0
PW,2015,,15938.3652222848,20104.2315379069,17770.0
PW,2016,,16179.3959628749,20408.2613269723,17797.0
PW,2017,,15612.6700180498,19693.4082379382,17812.0
PW,2018,,15545.7219371676,19608.9617027822,17814.0
PW,2019,,15606.4827634374,19685.6037989273,17798.0
PW,2020,,14673.8845975778,18509.2491855913,17792.0
PW,2021,,12932.0857060233,16312.190220013,17783.0
PW,2022,,12889.6216058288,16258.6271292912,17759.0
PW,2023,,13070.7944502154,16487.15375427,17727.0
PW,2024,,14666.5457772703,18499.9921921281,17695.0
PY,2024,,6670.6995656958,16367.4940166481,6929153.0
QA,2024,,62395.3113297112,111314.250355891,2857822.0
RO,2024,,12459.9112061891,40503.8323253789,19051804.0
RS,2024,,8580.26105823259,26900.7415340646,6586476.0
RU,2024,,11092.6337890625,41891.171875,143669648.0
RW,2024,,1043.15961499906,3325.00769683815,14256567.0
S1,2000,,8233.73342913905,15514.5363818178,15786741.0
S1,2001,,8334.94332625642,15729.0854144625,16017863.0
S1,2002,,8509.09600338007,16095.2953198447,16250203.0
S1,2003,,8809.07593512754,16725.5980095054,16441139.0
S1,2008,,10357.4606783297,19636.9550115867,17228345.0
S1,2009,,9809.37789211833,18696.6740492489,17398922.0
S1,2010,,9914.45968595479,19016.7659318866,17575200.0
S1,2011,,10066.3427831055,19390.3808189536,17748220.0
S1,2012,,10180.0751029745,19647.9643191463,17926451.0
S1,2013,,10195.8863691367,19725.1292380478,18107202.0
S1,2014,,10328.383721223,19992.2837971004,18292084.0
S1,2015,,10451.9964952878,20214.6306771707,18482578.0
S1,2016,,10529.0592324888,20323.0292175365,18671045.0
S1,2017,,10755.3448582832,20732.8384950461,18865506.0
S1,2018,,10991.2219783357,21165.1370912777,19084934.0
S1,2019,,11210.5608938361,21662.7739795661,19293697.0
S1,2020,,10333.0141438009,20101.6503085454,19472157.0
S1,2021,,10988.3149576582,21262.5948218682,19646549.0
S1,2022,,11682.1880704072,22478.8845331697,19852364.0
S1,2023,,12160.0587635306,23393.3466796632,20031262.0
S1,2024,,12794.3634985188,24725.3895821776,20193405.0
S2,2000,,3208.21888491744,5881.81676747283,2042274.0
S2,2001,,3193.57852227137,5877.75118308161,2069097.0
S2,2002,,3214.36683920705,5941.54718486772,2095273.0
S2,2003,,3236.8833823393,5969.03144612377,2120592.0
S2,2008,,3413.03941195594,6237.22081249056,2240739.0
S2,2009,,3363.38936959225,6128.78865472213,2262456.0
S2,2010,,3443.97974761278,6266.69938542944,2289399.0
S2,2011,,3527.86024214419,6402.09924410503,2320899.0
S2,2012,,3517.62486668208,6386.94052753522,2351924.0
S2,2013,,3584.67594496285,6531.90012102663,2382931.0
S2,2014,,3664.67145222981,6710.09392298631,2414338.0
S2,2015,,3761.06673610832,6896.50177083272,2445989.0
S2,2016,,3851.98445284976,7044.71064474168,2477794.0
S2,2017,,3950.29303336273,7249.20252559116,2509999.0
S2,2018,,4006.76552928832,7370.26163890891,2542009.0
S2,2019,,4011.32445225678,7345.58196205993,2568656.0
S2,2020,,3563.03524602951,6398.88980378789,2595522.0
S2,2021,,3430.07442035851,6133.27337662878,2625493.0
S2,2022,,3673.22544665674,6703.99054222771,2656049.0
S2,2023,,3890.39488708922,7145.20419623831,2689224.0
S2,2024,,3983.82503549085,7314.41647178348,2722467.0
S3,2000,,10553.7062607061,17296.2228314479,3956229.0
S3,2001,,10690.3702191644,17587.9901132672,3987087.0
S3,2002,,11027.3598401094,18212.1604431284,4018796.0
S3,2003,,11605.4238812576,19401.6022436606,4050990.0
S3,2008,,14177.6922464874,24276.688065702,4124966.0
S3,2009,,13623.5304132425,23444.9921052209,4146899.0
S3,2010,,13697.4264360568,23751.9862978379,4173335.0
S3,2011,,13731.3218758813,23879.7224145257,4201107.0
S3,2012,,14203.8255539522,24784.9475718502,4228445.0
S3,2013,,14327.5751136155,25141.1881792488,4257682.0
S3,2014,,14600.729767324,25633.4033879208,4286546.0
S3,2015,,14497.8798625347,25404.134970126,4314191.0
S3,2016,,13962.4303282906,24339.8256633701,4341333.0
S3,2017,,13778.886010068,23920.5893237126,4366140.0
S3,2018,,13827.9207659533,24024.8178299696,4407658.0
S3,2019,,13836.1810586697,24095.6268884397,4443134.0
S3,2020,,12507.6012734005,22222.115107616,4459302.0
S3,2021,,13353.2168994617,23495.1590735021,4479167.0
S3,2022,,15259.8516050593,27023.5574621428,4497310.0
S3,2023,,16520.5066629775,29600.9530687074,4519904.0
S3,2024,,18643.3738062746,33971.5525013977,4539060.0
S4,2000,,8345.85013891228,16811.3428576562,9788238.0
S4,2001,,8462.07721821462,17039.3162165268,9961679.0
S4,2002,,8607.0452021325,17362.7308684968,10136134.0
S4,2003,,8857.86466448506,17897.0165687635,10269557.0
S4,2008,,10341.1289954056,20642.7124569961,10862640.0
S4,2009,,9697.48344356645,19493.3000281391,10989567.0
S4,2010,,9827.79279523027,19867.3807612748,11112466.0
S4,2011,,10048.9525362804,20400.5925129711,11226214.0
S4,2012,,10062.238765035,20484.2211190429,11346082.0
S4,2013,,10035.6505283227,20455.8345932464,11466589.0
S4,2014,,10136.4144598495,20672.6945499764,11591200.0
S4,2015,,10359.1167773921,21083.6921175309,11722398.0
S4,2016,,10667.3498101902,21627.6861621069,11851918.0
S4,2017,,11078.920682682,22394.7899889508,11989367.0
S4,2018,,11423.9568368891,23016.1225593731,12135267.0
S4,2019,,11766.3686894514,23776.9773929696,12281907.0
S4,2020,,10967.167100197,22204.358146968,12417333.0
S4,2021,,11725.9484104048,23632.4052569572,12541889.0
S4,2022,,12090.2779307406,24168.7876712146,12699005.0
S4,2023,,12357.3872788898,24612.8870286862,12822134.0
S4,2024,,12591.7678646757,25138.8563350085,12931878.0
SA,2024,,25123.0122060281,63194.4332528832,35300280.0
SB,2000,,1747.71795607153,2277.11363831224,440469.0
SB,2001,,1577.65519966257,2055.53771375159,449125.0
SB,2002,,1504.84671895171,1960.67504793326,457671.0
SB,2003,,1573.84348435767,2050.57140389822,466154.0
SB,2008,,1911.18969015528,2490.10207495758,508790.0
SB,2009,,1930.46287614922,2515.21324036507,518141.0
SB,2010,,2058.95691648883,2682.62900140516,532968.0
SB,2011,,2132.02844199392,2777.83439007893,552945.0
SB,2012,,2105.91423758379,2743.8100151451,573606.0
SB,2013,,2136.72116177034,2783.94856666363,594945.0
SB,2014,,2085.16067273086,2716.77005403122,616908.0
SB,2015,,2045.47721526649,2665.06620679799,639415.0
SB,2016,,2084.24845745225,2715.58152252659,662379.0
SB,2017,,2075.36705302305,2704.00988015555,685672.0
SB,2018,,2061.8996970669,2686.46317027984,709101.0
SB,2019,,2043.09139778307,2661.95770893588,728147.0
SB,2020,,1930.65510307199,2515.46369413305,744498.0
SB,2021,,1880.5519827183,2450.18399709553,762591.0
SB,2022,,1788.61727922057,2330.40164523401,781066.0
SB,2023,,1795.88798697142,2339.87469992347,800005.0
SB,2024,,1806.38367324387,2353.54960111186,819198.0
SC,2000,,11703.7535246117,20633.6746950761,81131.0
SC,2001,,11427.9413083015,20147.4187656167,81202.0
SC,2002,,11218.2606464315,19777.7525249721,83723.0
SC,2003,,10677.9692081272,18825.2206936189,82781.0
SC,2008,,12473.2921769121,21990.3685269705,86956.0
SC,2009,,12116.3783687977,21361.1307875284,87298.0
SC,2010,,12313.5566919249,21708.7554506566,89770.0
SC,2011,,13843.7116081878,24406.4129764105,87441.0
SC,2012,,14135.0010570653,24919.955210328,88303.0
SC,2013,,14050.3135581314,24770.6514591794,89949.0
SC,2014,,14395.6158118771,25379.4180707013,91359.0
SC,2015,,15333.1051727105,27032.2083880002,93419.0
SC,2016,,16962.6753972731,29905.1347389952,94677.0
SC,2017,,17921.5731976918,31595.6680570505,95843.0
SC,2018,,18628.1862276696,32841.4242467381,96762.0
SC,2019,,19481.6461053742,34346.0708923483,97625.0
SC,2020,,17048.361729788,30056.1994300968,98462.0
SC,2021,,17005.0422063679,29979.8272686091,99258.0
SC,2022,,15471.2109575418,27275.6883819803,119878.0
SC,2023,,16286.8557867673,28713.6672353088,119773.0
SC,2024,,16612.6374865452,29288.019181519,121354.0
SD,2024,,578.38916015625,1861.39794921875,50448963.0
SG,2024,,68129.6960402288,134548.764138482,6036860.0
SL,2000,,727.240914632596,1981.5060863596,4423611.0
SL,2001,,642.036645844304,1749.35086270429,4692716.0
SL,2002,,766.788693742901,2089.26152672652,4971435.0
SL,2003,,806.066489012144,2196.28134480717,5177687.0
SL,2004,,829.759768928304,2260.83818892177,5355717.0
SL,2005,,842.906030904902,2296.65767816581,5501712.0
SL,2006,,859.824260714965,2342.75461064658,5624466.0
SL,2007,,872.68836234614,2377.80530040404,5749352.0
SL,2008,,882.54147817868,2404.65198710572,5894722.0
SL,2009,,872.23959352481,2376.58254446039,6055646.0
SL,2010,,902.769891411394,2459.76814343236,6222714.0
SL,2011,,950.760763054593,2590.52839404167,6387251.0
SL,2012,,1025.04366004502,2792.92626459232,6551080.0
SL,2013,,1146.81973456475,3124.72832355066,6714051.0
SL,2014,,1032.23789355905,2812.5283210882,6876385.0
SL,2015,,964.575980888989,2628.17058065746,7037655.0
SL,2016,,1002.77862282013,2732.26093913215,7205328.0
SL,2017,,1010.54694071207,2753.42719762222,7379299.0
SL,2018,,1015.6678297205,2767.38003296688,7554563.0
SL,2019,,1046.96778078594,2852.66269829967,7731991.0
SL,2020,,1010.25294614757,2752.62615355663,7912558.0
SL,2021,,1045.7661615758,2849.38865839009,8094602.0
SL,2022,,1077.08884538507,2934.7332634039,8276807.0
SL,2023,,1113.86837500697,3034.94608192505,8460512.0
SL,2024,,1137.29005648131,3098.76290446676,8642022.0
SM,2000,,55806.8967854415,77149.4185798293,26799.0
SM,2001,,58173.2673485907,80420.7725451516,27143.0
SM,2002,,57615.3840607029,79649.5350498753,27491.0
SM,2003,,59090.2064374385,81688.3814188309,27843.0
SM,2004,,58393.1973140469,80724.8114711728,29457.0
SM,2005,,59049.5507985237,81632.1776324722,29836.0
SM,2006,,60604.3235393604,83781.550199101,30184.0
SM,2007,,62776.9178275821,86785.0210208274,31211.0
SM,2008,,61572.7157847481,85120.2897275883,31662.0
SM,2009,,52873.2443236949,73093.8341489444,33066.0
SM,2010,,49672.6753589594,68669.2549485757,33270.0
SM,2011,,46450.0042070199,64214.120906595,32620.0
SM,2012,,42082.5364542056,58176.3797454761,33469.0
SM,2013,,42293.4679807917,58467.9789128485,33041.0
SM,2014,,42492.831738275,58743.5863890151,32655.0
SM,2015,,43146.8035302005,59647.6600146934,32897.0
SM,2016,,43886.1965081114,60669.8228947966,33101.0
SM,2017,,43057.7582484571,59524.5606827202,33825.0
SM,2018,,42818.6755959614,59194.04440794,34522.0
SM,2019,,43525.4039798176,60171.0506033928,34663.0
SM,2020,,40506.8341853183,55998.0734625278,34770.0
SM,2021,,46834.1172363873,64745.1322795901,34252.0
SM,2022,,51277.3242468583,70887.5780565982,33755.0
SM,2023,,51323.7741002928,70951.7919690715,33860.0
SN,2024,,1517.61838829684,4477.81736836258,18501984.0
SO,2000,,233.032393086303,702.850071117661,8838713.0
SO,2001,,239.839074088089,723.37973295059,9198493.0
SO,2002,,248.636454000924,749.913550912524,9550063.0
SO,2003,,257.910337235953,777.884552733128,9909157.0
SO,2004,,266.257271856551,803.059780580226,10280998.0
SO,2005,,275.457040797983,830.807245939502,10644228.0
SO,2006,,284.47078986532,857.993655902122,10975502.0
SO,2007,,294.210404466601,887.369352235607,11322582.0
SO,2008,,304.741448811237,919.132083453107,11663084.0
SO,2009,,317.038184814662,956.220325392593,11961201.0
SO,2010,,329.970504936872,995.225555512017,12261756.0
SO,2011,,349.577449077711,1054.36214979093,12348830.0
SO,2012,,369.617204753489,1114.8041489283,12461160.0
SO,2013,,397.108796344814,1197.72166459722,12869594.0
SO,2014,,417.516796906402,1259.27432882605,13339491.0
SO,2015,,445.583080073396,1343.92517439594,13806963.0
SO,2016,,458.92147682461,1384.15517410124,14348740.0
SO,2017,,506.501098879426,1527.66029071648,14916629.0
SO,2018,,498.981065013918,1504.97908203481,15452487.0
SO,2019,,494.444039712384,1491.29493918405,16030971.0
SO,2020,,462.867053737278,1396.05544674978,16651191.0
SO,2021,,461.627830726021,1392.31782053371,17271431.0
SO,2022,,460.046226685238,1387.54753732191,17801897.0
SO,2023,,464.72106952561,1401.64735228455,18358615.0
SO,2024,,467.269910194458,1409.33492233283,19009151.0
SR,2024,,7246.25768221495,19179.101839106,634431.0
SS,2012,59.2749172998602,1069.19619080938,,10756240.0
SS,2013,60.5484890514934,1165.16202707495,,11166275.0
SS,2014,62.1484252216993,1197.09491969479,,11235073.0
SS,2015,76.3915617802014,1080.14718624765,,11107561.0
ST,2000,,959.938180991352,3852.89042721453,144018.0
ST,2001,,973.424252100436,3907.0192818698,146375.0
ST,2002,,982.32906557627,3942.76040695115,149922.0
ST,2003,,1036.86196260207,4161.63833167542,153814.0
ST,2008,,1214.14114724792,4873.1813112046,173793.0
ST,2009,,1225.60541902997,4919.19529822865,177853.0
ST,2010,,1216.3502521663,4882.04796466341,181802.0
ST,2011,,1214.96130276731,4876.47315792145,185649.0
ST,2012,,1225.6945255615,4919.55294386577,189439.0
ST,2013,,1263.70423995281,5072.11200195866,193148.0
ST,2014,,1301.32146445028,5223.09572886388,196767.0
ST,2015,,1298.10946596396,5210.2037755431,200291.0
ST,2016,,1342.533807689,5388.5091334891,203689.0
ST,2017,,1375.59403284199,5521.20249597413,206970.0
ST,2018,,1413.84348618541,5674.72379094011,210187.0
ST,2019,,1420.66008316091,5702.08347071236,213392.0
ST,2020,,1430.84119299096,5742.94724858826,217435.0
ST,2021,,1428.28676097975,5732.69456061536,221961.0
ST,2022,,1403.23356704678,5632.13890715047,226305.0
ST,2023,,1380.60169416257,5541.3016760535,230871.0
ST,2024,,1373.27082138436,5511.87785469752,235536.0
SV,2024,,4576.55846613444,11647.0234480127,6338193.0
SX,2009,,37548.9474627441,50980.9400838983,33491.0
SX,2010,,38403.0705201664,52140.59965779,33794.0
SX,2011,,39615.1371367338,53786.2462000327,34267.0
SX,2012,,39298.9873567827,53357.003462797,35023.0
SX,2013,,38889.7715088035,52801.4031054792,35854.0
SX,2014,,38623.1999405819,52439.4736756048,36672.0
SX,2015,,37839.6283815163,51375.6032503737,37471.0
SX,2016,,37428.7027557069,50817.6814942681,38249.0
SX,2017,,33945.4185182499,46088.3583839152,38996.0
SX,2018,,31047.7241050626,42154.1020267504,39712.0
SX,2019,,33877.976645467,45996.7912346922,40385.0
SX,2020,,28920.3773007159,39265.7616790568,41008.0
SX,2021,,29834.6350068383,40507.0672411717,41571.0
SX,2022,,33523.6042042737,45515.6528430026,42139.0
SX,2023,,34300.9630414348,46571.08813424,42749.0
SX,2024,,34840.1808133458,47303.1946453277,43350.0
SZ,2024,,3866.37127926695,10386.2145717572,1242822.0
T3,2024,,3037.56299208501,10015.7953971077,736401764.0
T4,2024,,10241.9890248099,20684.2265655327,2114653077.0
T5,2024,,2329.35958665331,9307.06752508413,1677384532.0
T6,2024,,1588.93961326571,4872.91556737875,1289936286.0
T7,2024,,10509.1101785927,32713.0152698707,459982788.0
TC,2007,,37466.1822614725,21878.8206013071,26270.0
TC,2008,,38854.1075698814,22689.3160133769,27427.0
TC,2009,,29988.5997375172,17512.1977777876,28588.0
TC,2010,,29111.8729223189,17000.2227766463,29739.0
TC,2011,,29363.9475927366,17147.424764127,30846.0
TC,2012,,27441.3335987017,16024.6915652254,32127.0
TC,2013,,26477.5410719582,15461.873511271,33653.0
TC,2014,,27636.8210228067,16138.8487604249,35050.0
TC,2015,,29457.0140691162,17201.7720345933,36605.0
TC,2016,,30183.0002949881,17625.7202843515,38315.0
TC,2017,,50586.1032335151,29540.3537473151,39913.0
TC,2018,,51863.1830309332,30286.1196112151,41559.0
TC,2019,,52419.8862128617,30611.2130237381,43166.0
TC,2020,,33739.4253991739,19702.5368196855,44386.0
TC,2021,,42907.7492465912,25056.4880515569,45243.0
TC,2022,,48307.3079245499,28209.6242536079,45847.0
TC,2023,,54523.0330927151,31839.3705381969,46198.0
TC,2024,,57179.29601876,33390.5267148059,46535.0
TD,2024,,855.999353179333,2430.73298355271,20299123.0
TG,2024,,1053.81653764697,3351.24993111939,8406558.0
TH,2024,,6616.58539335928,21882.2142474833,71668011.0
TJ,2024,,1496.33813395037,4755.93296704719,10590927.0
TL,2000,,1117.56429796112,3783.78329545739,745088.0
TL,2001,,1192.74796162196,4038.33571017769,812249.0
TL,2002,,1028.1319342253,3480.9884722922,879159.0
TL,2003,,964.32256461813,3264.94647161828,916878.0
TL,2008,,1042.86835443002,3530.88217479074,1032429.0
TL,2009,,1120.09698448398,3792.35831612987,1058782.0
TL,2010,,1195.38067803197,4047.24940614314,1084679.0
TL,2011,,1237.48383284275,4189.79978481015,1110207.0
TL,2012,,1269.41629276068,4297.91482449132,1134885.0
TL,2013,,1281.92864092574,4340.27839503511,1158695.0
TL,2014,,1312.96494079465,4445.35926887033,1181903.0
TL,2015,,1319.59297370991,4467.80007184896,1205131.0
TL,2016,,1333.6585468432,4515.422459894,1228312.0
TL,2017,,1267.08660142883,4290.02709296562,1251703.0
TL,2018,,1237.20064730412,4188.84099191337,1275959.0
TL,2019,,1507.24748294374,5103.14964292207,1300945.0
TL,2020,,1947.83997138866,6594.8817078452,1326053.0
TL,2021,,2015.82039246197,6825.0458085995,1350139.0
TL,2022,,1579.71084680858,5348.49182701353,1369295.0
TL,2023,,1279.2112241611,4331.07792560386,1384286.0
TL,2024,,1149.21889002201,3890.95754653453,1400638.0
TM,2024,,8229.67261114232,18470.7438450744,7494498.0
TN,2024,,4006.20588267443,12774.9158568021,12277109.0
TO,2000,,3866.68591314331,5809.00929738723,102677.0
TO,2001,,3901.1807203994,5860.83162290404,103288.0
TO,2002,,4050.98962313421,6085.89291010605,103874.0
TO,2003,,4030.19690552619,6054.65554234045,104464.0
TO,2008,,3833.60169058266,5759.30612501464,107020.0
TO,2009,,3630.76096995072,5454.57394388907,107203.0
TO,2010,,3653.97817265087,5489.45367019062,107400.0
TO,2011,,3892.76807750666,5848.19312009382,107570.0
TO,2012,,3932.59367180675,5908.02400699798,107460.0
TO,2013,,3962.16980948788,5952.45690447913,107078.0
TO,2014,,4058.81584447473,6097.65041861635,106609.0
TO,2015,,4123.90347238813,6195.43302733786,106095.0
TO,2016,,4419.8147470039,6639.98719699561,105524.0
TO,2017,,4568.62484962494,6863.54796430087,105356.0
TO,2018,,4583.55968565688,6885.98490469718,105567.0
TO,2019,,4566.07508700721,6859.71739851786,105669.0
TO,2020,,4647.0077529158,6981.30436453629,105704.0
TO,2021,,4612.90086913298,6930.06482518663,105490.0
TO,2022,,4533.96809820124,6811.48234641523,105042.0
TO,2023,,4680.30010664357,7031.32021704688,104597.0
TO,2024,,4779.92399898557,7180.98743332878,104175.0
TT,2024,,16312.4849555716,31960.1568888983,1368333.0
TV,2000,,3051.37894204891,3893.29676614411,9544.0
TV,2001,,3059.14305159403,3903.20310133161,9586.0
TV,2002,,3300.84183236169,4211.58993214321,9623.0
TV,2003,,3133.78208016242,3998.4360743816,9695.0
TV,2004,,3036.7117312686,3874.58266822844,9816.0
TV,2005,,2886.47360709377,3682.89175926232,9940.0
TV,2006,,2890.2979042629,3687.77123312778,10056.0
TV,2007,,3051.64998981595,3893.64259975408,10182.0
TV,2008,,3208.62150790145,4093.92473951632,10321.0
TV,2009,,2987.77161613649,3812.13929570827,10461.0
TV,2010,,2872.02011343345,3664.45034598789,10614.0
TV,2011,,3040.4474312404,3879.3490996995,10780.0
TV,2012,,2912.10912265748,3715.60046956613,10934.0
TV,2013,,3004.5049231989,3833.48955456181,11001.0
TV,2014,,3059.3244224989,3903.4345149878,10984.0
TV,2015,,3352.66722400181,4277.7146690273,10963.0
TV,2016,,3523.41345550387,4495.57215692486,10930.0
TV,2017,,3658.98029250415,4668.54376684727,10869.0
TV,2018,,3750.43562817208,4785.23289965077,10751.0
TV,2019,,4323.09703196938,5515.89953720794,10581.0
TV,2020,,4265.46279289261,5442.36321121293,10399.0
TV,2021,,4351.24068896314,5551.80841999248,10194.0
TV,2022,,3953.66795349958,5044.53984578911,9992.0
TV,2023,,4165.7693870564,5315.16301028104,9816.0
TV,2024,,4382.8876648687,5592.18723602659,9646.0
TZ,2024,,1120.77416992188,3713.26293945313,68560157.0
UA,2024,,2226.05810546875,16371.44140625,37860221.0
UG,2024,,986.090145363924,2879.67009290376,50015092.0
UY,2024,,19024.1204266155,32149.480073986,3386588.0
UZ,2024,,4477.90745486742,10997.1707291644,36361859.0
V1,2024,,1439.73712111225,4654.29644706482,1104843110.0
V2,2024,,3884.38931770884,12032.0275625524,3552306404.0
V3,2024,,11918.0405122553,24850.1716606625,2328876323.0
VC,2000,,5067.96739467376,9999.05879203685,113545.0
VC,2001,,5158.56617678847,10177.8094583896,113501.0
VC,2002,,5441.52648867536,10736.0878714164,113347.0
VC,2003,,5816.20788359407,11475.3312414531,113141.0
VC,2008,,7019.9950843874,13850.3936790063,111028.0
VC,2009,,6955.82358345268,13723.7838252622,110508.0
VC,2010,,6678.04200697308,13175.7230154228,109959.0
VC,2011,,6674.58198966102,13168.8964291743,109349.0
VC,2012,,6790.68325958275,13397.9632982701,108736.0
VC,2013,,6996.57386151332,13804.1837951887,108135.0
VC,2014,,7116.22071347207,14040.2460690452,107535.0
VC,2015,,7353.73556054184,14508.8609465459,106960.0
VC,2016,,7702.8942635647,15197.7482513352,106349.0
VC,2017,,7872.92690537077,15533.2212821544,105663.0
VC,2018,,8179.99598957084,16139.0661084965,104926.0
VC,2019,,8294.67434486665,16365.3255785124,104167.0
VC,2020,,7989.74651933597,15763.7054382539,103526.0
VC,2021,,8211.33588012942,16200.8994597845,102841.0
VC,2022,,8532.7381341339,16835.023514541,102046.0
VC,2023,,9051.35208011007,17858.2446468702,101323.0
VC,2024,,9485.18771201686,18714.198849353,100616.0
VE,2000,2391.36796026802,3732.15152475602,,24526708.0
VE,2001,2188.40606705914,3789.56578237406,,24979922.0
VE,2002,2648.88652521803,3396.89746362025,,25435671.0
VE,2003,2432.12630470112,3078.26141026099,,25892703.0
VE,2004,2305.02805179379,3576.82370624267,,26340838.0
VE,2005,2371.58340737061,3875.81409628464,,26785804.0
VE,2006,2377.64028480756,4190.56607050126,,27224686.0
VE,2007,2391.33788149518,4489.56571662594,,27649363.0
VE,2008,2346.01163837283,4655.65136715099,,28053696.0
VE,2009,2231.75458660546,4451.37446074164,,28438298.0
VE,2010,2621.20702328211,4323.73301534677,,28813101.0
VE,2011,2309.9066118944,4444.55159079494,,29185212.0
VE,2012,2310.75269478151,4638.41209800487,,29553826.0
VE,2013,2529.2097489945,4642.55149314778,,29912198.0
VE,2014,2173.57093050952,4412.9795921313,,30254079.0
VE,2015,2098.46944015591,4096.61989137473,,30573972.0
VE,2016,2009.0681450604,3374.43091608185,,30765720.0
VE,2017,1933.19114696252,2863.33227846365,,30565323.0
VE,2018,1451.3949056587,2359.38238345005,,29807592.0
VE,2019,1379.73439965,1759.05547364548,,28938098.0
VE,2020,1093.43160664363,1255.86457068119,,28444077.0
VE,2021,1409.82623845927,1272.94397516527,,28237826.0
VE,2022,1364.68351163595,1376.93801227125,,28213017.0
VE,2023,1331.23284099658,1427.88655943805,,28300854.0
VI,2002,,43205.7246740388,54299.2298699394,108509.0
VI,2003,,43036.1815136022,54086.1547945673,108505.0
VI,2004,,44466.2872190216,55883.4545510864,108466.0
VI,2005,,46021.5905731819,57838.0977142823,108453.0
VI,2006,,47671.567182812,59911.7224453162,108369.0
VI,2007,,49598.1259079427,62332.9445371347,108337.0
VI,2008,,50174.7528938473,63057.6263123638,108397.0
VI,2009,,46862.8076001874,58895.3056899496,108404.0
VI,2010,,47162.7375570431,59272.2456856343,108357.0
VI,2011,,43320.176769501,54443.0686942498,108290.0
VI,2012,,36938.1682086351,46422.4151236223,108188.0
VI,2013,,34663.6460602129,43563.8864931407,108041.0
VI,2014,,34098.7109972738,42853.8986599185,107882.0
VI,2015,,34007.3529411765,42739.0835022993,107712.0
VI,2016,,34614.7482633247,43502.4336941564,107516.0
VI,2017,,34435.4944455756,43277.1546523522,107281.0
VI,2018,,35174.1019944986,44205.4071324394,107001.0
VI,2019,,36309.7438446842,45632.6364715693,106669.0
VI,2020,,35850.7433148653,45055.7829303523,106290.0
VI,2021,,37313.0484931531,46893.5496988741,105870.0
VI,2022,,36983.431060272,46479.2996685326,105413.0
VN,2024,,4012.50779921084,14396.4217369473,100987686.0
VU,2000,,3197.45596137228,3805.62227309353,186281.0
VU,2001,,3012.01602489196,3584.91106983816,191031.0
VU,2002,,2784.99720920365,3314.71255206905,195863.0
VU,2003,,2833.77914920751,3372.77297249271,200746.0
VU,2008,,3234.97623699324,3850.27902468628,226896.0
VU,2009,,3249.66193798709,3867.75799280135,232731.0
VU,2010,,3214.3726213639,3825.75653571613,238248.0
VU,2011,,3244.13703026186,3861.18223002309,243474.0
VU,2012,,3205.68705963169,3815.41895246816,248883.0
VU,2013,,3149.6849727764,3748.76509025679,254482.0
VU,2014,,3175.63375342175,3779.64941165998,260240.0
VU,2015,,3214.41948587141,3825.81231400229,266101.0
VU,2016,,3257.49719984988,3877.08354643548,272087.0
VU,2017,,3316.81034596861,3947.67824193203,278507.0
VU,2018,,3319.75630455318,3951.18453122592,285259.0
VU,2019,,3349.5593410421,3986.65620021472,291985.0
VU,2020,,3085.16558189305,3671.97390565303,298858.0
VU,2021,,2979.39062838967,3546.08021896872,305868.0
VU,2022,,3073.86062658113,3658.51871182046,313046.0
VU,2023,,3178.3031116212,3782.82649029418,320409.0
VU,2024,,3223.85237984109,3837.03937446048,327777.0
WS,2000,,2945.37217923198,4639.18880250252,181685.0
WS,2001,,3137.46403765812,4941.74832450316,183166.0
WS,2002,,3291.3424477268,5184.11871218152,184471.0
WS,2003,,3444.99857743289,5426.13899111084,185430.0
WS,2008,,3925.8743329936,6183.55546849942,190107.0
WS,2009,,3875.94291686166,6104.90962936041,191513.0
WS,2010,,4081.15535978003,6428.13508590333,193023.0
WS,2011,,4201.45663738908,6617.61889509588,194713.0
WS,2012,,4007.91092846814,6312.76944621145,196498.0
WS,2013,,3976.39289268132,6263.12610411359,198268.0
WS,2014,,3967.23730470679,6248.70534550413,200037.0
WS,2015,,4084.36083819933,6433.1839621351,201782.0
WS,2016,,4373.23792440391,6888.18769751001,203499.0
WS,2017,,4393.37316255965,6919.90225366914,205415.0
WS,2018,,4321.00518344962,6805.91709392797,207582.0
WS,2019,,4466.08075482035,7034.42233036815,209780.0
WS,2020,,4283.06392492734,6746.15667963109,211944.0
WS,2021,,4032.1373106241,6350.92787033711,213779.0
WS,2022,,4095.15875576978,6450.19151677842,215261.0
WS,2023,,4688.46305366113,7384.69163688613,216663.0
WS,2024,,4880.54418032056,7687.23425552485,218019.0
XE,2024,,1016.27398761692,3180.19389105204,940304348.0
XF,2024,,7516.23109692996,18338.0743917536,4979670326.0
XG,2024,,1498.37807376176,5093.91764711448,1945691867.0
XH,2024,,2107.6638668718,6743.39623530811,676957651.0
XI,2024,,1173.2818683549,4231.54619614221,1268734216.0
XK,2015,,3520.62685324451,9824.99105955319,1788274.0
XK,2016,,3739.17386677497,10434.8888259268,1777568.0
XK,2017,,3890.17624537261,10856.2902074239,1791019.0
XK,2018,,4009.11952439378,11188.2244627966,1797086.0
XK,2019,,4219.06495675744,11774.1178510908,1788891.0
XK,2020,,3990.94425586648,11137.5028560404,1790151.0
XK,2021,,4429.87389440857,12362.4210181213,1786079.0
XK,2022,,4666.38918595784,13022.4627441502,1768096.0
XK,2023,,5102.74674921908,14240.2030320365,1682668.0
XK,2024,,5631.67958854422,15716.2925564586,1594353.0
XL,2024,,1090.57292521647,3956.39663716034,1186668913.0
XM,2024,,701.876749725515,2395.99109855428,747152629.0
XN,2024,,2270.11004592826,8930.71250643165,2907379621.0
XO,2024,,5539.32895443457,13612.7879900807,6722971301.0
XP,2024,,6143.92793992414,15025.1337351136,5975818672.0
XQ,2024,,3032.00524250795,9972.93614849708,741690916.0
XT,2024,,9814.41283901258,20967.3589459748,3068439051.0
YE,2000,241.884502378759,2114.67265566851,,19624141.0
YE,2001,260.291246901483,2129.77268762778,,20226147.0
YE,2002,244.765880104457,2148.88860494788,,20835086.0
YE,2003,264.070554409773,2164.86083019467,,21456379.0
YE,2004,279.891332102562,2185.78999159086,,22095167.0
YE,2005,289.030753712905,2237.63762643152,,22790085.0
YE,2006,299.542924935684,2234.74266863312,,23543083.0
YE,2007,283.812949035491,2235.75075901067,,24318082.0
YE,2008,289.811528650795,2244.04491655237,,25111941.0
YE,2009,311.080562559356,2257.46902086832,,25927724.0
YE,2010,291.861999994351,2356.19960422096,,26754387.0
YE,2011,240.192428627502,1994.83663337222,,27582897.0
YE,2012,210.827759194461,1981.45800046603,,28433647.0
YE,2013,281.953182312038,2014.7289059487,,29312952.0
YE,2014,259.815942651214,1950.1625450589,,30226309.0
YE,2015,119.994093431265,1362.1738120601,,31159379.0
YE,2016,71.6879642059413,1197.95865971172,,32109010.0
YE,2017,150.570498789289,1103.45634849842,,33090921.0
YE,2018,204.235450557521,1079.32938366255,,34085182.0
Z4,2024,,13295.329301063,24094.1594209983,2388319468.0
Z7,2024,,26049.7447851247,44981.3192926243,928566925.0
ZA,2024,,5715.47531469148,13597.6538495998,64007187.0
ZF,2024,,1587.52608812619,4870.62629918304,1289814932.0
ZG,2024,,1588.93961326571,4872.91556737875,1289936286.0
ZH,2024,,1432.50843496815,4099.88981217493,769280888.0
ZI,2024,,1820.07044608507,6009.08466240495,520655398.0
ZM,2024,,1343.38966380353,3708.06904295647,21314956.0
ZQ,2024,,5485.38728777077,14391.405949633,813173936.0
ZT,2024,,5825.50541967732,14612.9957116519,6925362193.0
ZW,2024,,1416.80065463874,5211.89755587954,16634373.0
