commodity,year,quantity_role,quantity_metric_tons,unit_basis
cement,1900,apparent_consumption,3074600.0,metric tons gross weight
cement,1900,production,2680400.0,metric tons gross weight
cement,1901,apparent_consumption,3299800.0,metric tons gross weight
cement,1901,production,3202400.0,metric tons gross weight
cement,1902,apparent_consumption,4427100.0,metric tons gross weight
cement,1902,production,4147600.0,metric tons gross weight
cement,1903,apparent_consumption,5237100.0,metric tons gross weight
cement,1903,production,4898000.0,metric tons gross weight
cement,1904,apparent_consumption,5315900.0,metric tons gross weight
cement,1904,production,5282700.0,metric tons gross weight
cement,1905,apparent_consumption,6750100.0,metric tons gross weight
cement,1905,production,6750300.0,metric tons gross weight
cement,1906,apparent_consumption,8934900.0,metric tons gross weight
cement,1906,production,8643600.0,metric tons gross weight
cement,1907,apparent_consumption,9092900.0,metric tons gross weight
cement,1907,production,8897800.0,metric tons gross weight
cement,1908,apparent_consumption,9058200.0,metric tons gross weight
cement,1908,production,9059000.0,metric tons gross weight
cement,1909,apparent_consumption,11332000.0,metric tons gross weight
cement,1909,production,11437000.0,metric tons gross weight
cement,1910,apparent_consumption,12992000.0,metric tons gross weight
cement,1910,production,13366000.0,metric tons gross weight
cement,1911,apparent_consumption,13166000.0,metric tons gross weight
cement,1911,production,13678000.0,metric tons gross weight
cement,1912,apparent_consumption,13623000.0,metric tons gross weight
cement,1912,production,14337000.0,metric tons gross weight
cement,1913,apparent_consumption,15498000.0,metric tons gross weight
cement,1913,production,15994000.0,metric tons gross weight
cement,1914,apparent_consumption,14974000.0,metric tons gross weight
cement,1914,production,15322000.0,metric tons gross weight
cement,1915,apparent_consumption,14484000.0,metric tons gross weight
cement,1915,production,14919000.0,metric tons gross weight
cement,1916,apparent_consumption,15448000.0,metric tons gross weight
cement,1916,production,15890000.0,metric tons gross weight
cement,1917,apparent_consumption,15639000.0,metric tons gross weight
cement,1917,production,16085000.0,metric tons gross weight
cement,1918,apparent_consumption,11923000.0,metric tons gross weight
cement,1918,production,12311000.0,metric tons gross weight
cement,1919,apparent_consumption,13572000.0,metric tons gross weight
cement,1919,production,13995000.0,metric tons gross weight
cement,1920,apparent_consumption,16744000.0,metric tons gross weight
cement,1920,production,17163000.0,metric tons gross weight
cement,1921,apparent_consumption,16769000.0,metric tons gross weight
cement,1921,production,16950000.0,metric tons gross weight
cement,1922,apparent_consumption,19597000.0,metric tons gross weight
cement,1922,production,19729000.0,metric tons gross weight
cement,1923,apparent_consumption,23791000.0,metric tons gross weight
cement,1923,production,23661000.0,metric tons gross weight
cement,1924,apparent_consumption,25910000.0,metric tons gross weight
cement,1924,production,25715000.0,metric tons gross weight
cement,1925,apparent_consumption,28318000.0,metric tons gross weight
cement,1925,production,27866000.0,metric tons gross weight
cement,1926,apparent_consumption,28807000.0,metric tons gross weight
cement,1926,production,28420000.0,metric tons gross weight
cement,1927,apparent_consumption,29540000.0,metric tons gross weight
cement,1927,production,29903000.0,metric tons gross weight
cement,1928,apparent_consumption,30231000.0,metric tons gross weight
cement,1928,production,30445000.0,metric tons gross weight
cement,1929,apparent_consumption,29202000.0,metric tons gross weight
cement,1929,production,29481000.0,metric tons gross weight
cement,1930,apparent_consumption,27227000.0,metric tons gross weight
cement,1930,production,27798000.0,metric tons gross weight
cement,1931,apparent_consumption,21745000.0,metric tons gross weight
cement,1931,production,21604000.0,metric tons gross weight
cement,1932,apparent_consumption,13729000.0,metric tons gross weight
cement,1932,production,13166000.0,metric tons gross weight
cement,1933,apparent_consumption,10860000.0,metric tons gross weight
cement,1933,production,10913000.0,metric tons gross weight
cement,1934,apparent_consumption,12877000.0,metric tons gross weight
cement,1934,production,13375000.0,metric tons gross weight
cement,1935,apparent_consumption,12745000.0,metric tons gross weight
cement,1935,production,13260000.0,metric tons gross weight
cement,1936,apparent_consumption,19129000.0,metric tons gross weight
cement,1936,production,19523000.0,metric tons gross weight
cement,1937,apparent_consumption,19469000.0,metric tons gross weight
cement,1937,production,20138000.0,metric tons gross weight
cement,1938,apparent_consumption,18211000.0,metric tons gross weight
cement,1938,production,18279000.0,metric tons gross weight
cement,1939,apparent_consumption,21046000.0,metric tons gross weight
cement,1939,production,21212000.0,metric tons gross weight
cement,1940,apparent_consumption,21793000.0,metric tons gross weight
cement,1940,production,22575000.0,metric tons gross weight
cement,1941,apparent_consumption,28378000.0,metric tons gross weight
cement,1941,production,28387000.0,metric tons gross weight
cement,1942,apparent_consumption,31045000.0,metric tons gross weight
cement,1942,production,31496000.0,metric tons gross weight
cement,1943,apparent_consumption,21226000.0,metric tons gross weight
cement,1943,production,22901000.0,metric tons gross weight
cement,1944,apparent_consumption,15497000.0,metric tons gross weight
cement,1944,production,15542000.0,metric tons gross weight
cement,1945,apparent_consumption,17378000.0,metric tons gross weight
cement,1945,production,17537000.0,metric tons gross weight
cement,1946,apparent_consumption,19493000.0,metric tons gross weight
cement,1946,production,28102000.0,metric tons gross weight
cement,1947,apparent_consumption,32634000.0,metric tons gross weight
cement,1947,production,31995000.0,metric tons gross weight
cement,1948,apparent_consumption,35856000.0,metric tons gross weight
cement,1948,production,35210000.0,metric tons gross weight
cement,1949,apparent_consumption,36265000.0,metric tons gross weight
cement,1949,production,35939000.0,metric tons gross weight
cement,1950,apparent_consumption,40891000.0,metric tons gross weight
cement,1950,production,38724000.0,metric tons gross weight
cement,1951,apparent_consumption,42695000.0,metric tons gross weight
cement,1951,production,41825000.0,metric tons gross weight
cement,1952,apparent_consumption,44335000.0,metric tons gross weight
cement,1952,production,42394000.0,metric tons gross weight
cement,1953,apparent_consumption,46047000.0,metric tons gross weight
cement,1953,production,45021000.0,metric tons gross weight
cement,1954,apparent_consumption,48897000.0,metric tons gross weight
cement,1954,production,46434000.0,metric tons gross weight
cement,1955,apparent_consumption,53589000.0,metric tons gross weight
cement,1955,production,52994000.0,metric tons gross weight
cement,1956,apparent_consumption,55225000.0,metric tons gross weight
cement,1956,production,56153000.0,metric tons gross weight
cement,1957,apparent_consumption,51638000.0,metric tons gross weight
cement,1957,production,52574000.0,metric tons gross weight
cement,1958,apparent_consumption,54542000.0,metric tons gross weight
cement,1958,production,54831000.0,metric tons gross weight
cement,1959,apparent_consumption,59899000.0,metric tons gross weight
cement,1959,production,59764000.0,metric tons gross weight
cement,1960,apparent_consumption,55526000.0,metric tons gross weight
cement,1960,production,56063000.0,metric tons gross weight
cement,1961,apparent_consumption,56826000.0,metric tons gross weight
cement,1961,production,56718000.0,metric tons gross weight
cement,1962,apparent_consumption,58983000.0,metric tons gross weight
cement,1962,production,58908000.0,metric tons gross weight
cement,1963,apparent_consumption,63648000.0,metric tons gross weight
cement,1963,production,61733000.0,metric tons gross weight
cement,1964,apparent_consumption,66149000.0,metric tons gross weight
cement,1964,production,64379000.0,metric tons gross weight
cement,1965,apparent_consumption,67589000.0,metric tons gross weight
cement,1965,production,65078000.0,metric tons gross weight
cement,1966,apparent_consumption,68490000.0,metric tons gross weight
cement,1966,production,67146000.0,metric tons gross weight
cement,1967,apparent_consumption,67459000.0,metric tons gross weight
cement,1967,production,64449000.0,metric tons gross weight
cement,1968,apparent_consumption,71220000.0,metric tons gross weight
cement,1968,production,68791000.0,metric tons gross weight
cement,1969,apparent_consumption,71101000.0,metric tons gross weight
cement,1969,production,71086000.0,metric tons gross weight
cement,1970,apparent_consumption,67476000.0,metric tons gross weight
cement,1970,production,67427000.0,metric tons gross weight
cement,1971,apparent_consumption,72842000.0,metric tons gross weight
cement,1971,production,71054000.0,metric tons gross weight
cement,1972,apparent_consumption,76768000.0,metric tons gross weight
cement,1972,production,74931000.0,metric tons gross weight
cement,1973,apparent_consumption,81941000.0,metric tons gross weight
cement,1973,production,77576000.0,metric tons gross weight
cement,1974,apparent_consumption,74844000.0,metric tons gross weight
cement,1974,production,73688000.0,metric tons gross weight
cement,1975,apparent_consumption,63608000.0,metric tons gross weight
cement,1975,production,61815000.0,metric tons gross weight
cement,1976,apparent_consumption,67509000.0,metric tons gross weight
cement,1976,production,66179000.0,metric tons gross weight
cement,1977,apparent_consumption,73427000.0,metric tons gross weight
cement,1977,production,70939000.0,metric tons gross weight
cement,1978,apparent_consumption,79288000.0,metric tons gross weight
cement,1978,production,76190000.0,metric tons gross weight
cement,1979,apparent_consumption,78964000.0,metric tons gross weight
cement,1979,production,76649000.0,metric tons gross weight
cement,1980,apparent_consumption,70173000.0,metric tons gross weight
cement,1980,production,68242000.0,metric tons gross weight
cement,1981,apparent_consumption,66092000.0,metric tons gross weight
cement,1981,production,65054000.0,metric tons gross weight
cement,1982,apparent_consumption,59572000.0,metric tons gross weight
cement,1982,production,57475000.0,metric tons gross weight
cement,1983,apparent_consumption,65838000.0,metric tons gross weight
cement,1983,production,63884000.0,metric tons gross weight
cement,1984,apparent_consumption,76186000.0,metric tons gross weight
cement,1984,production,70488000.0,metric tons gross weight
cement,1985,apparent_consumption,78836000.0,metric tons gross weight
cement,1985,production,70665000.0,metric tons gross weight
cement,1986,apparent_consumption,82837000.0,metric tons gross weight
cement,1986,production,71473000.0,metric tons gross weight
cement,1987,apparent_consumption,84204000.0,metric tons gross weight
cement,1987,production,70940000.0,metric tons gross weight
cement,1988,apparent_consumption,83851000.0,metric tons gross weight
cement,1988,production,69733000.0,metric tons gross weight
cement,1989,apparent_consumption,82414000.0,metric tons gross weight
cement,1989,production,70025000.0,metric tons gross weight
cement,1990,apparent_consumption,80964000.0,metric tons gross weight
cement,1990,production,69954000.0,metric tons gross weight
cement,1991,apparent_consumption,71800000.0,metric tons gross weight
cement,1991,production,66755000.0,metric tons gross weight
cement,1992,apparent_consumption,76169000.0,metric tons gross weight
cement,1992,production,69585000.0,metric tons gross weight
cement,1993,apparent_consumption,79701000.0,metric tons gross weight
cement,1993,production,73807000.0,metric tons gross weight
cement,1994,apparent_consumption,86476000.0,metric tons gross weight
cement,1994,production,77948000.0,metric tons gross weight
cement,1995,apparent_consumption,86003000.0,metric tons gross weight
cement,1995,production,76906000.0,metric tons gross weight
cement,1996,apparent_consumption,90355000.0,metric tons gross weight
cement,1996,production,79266000.0,metric tons gross weight
cement,1997,apparent_consumption,96018000.0,metric tons gross weight
cement,1997,production,82582000.0,metric tons gross weight
cement,1998,apparent_consumption,103457000.0,metric tons gross weight
cement,1998,production,83931000.0,metric tons gross weight
cement,1999,apparent_consumption,108862000.0,metric tons gross weight
cement,1999,production,85952000.0,metric tons gross weight
cement,2000,apparent_consumption,110470000.0,metric tons gross weight
cement,2000,production,87846000.0,metric tons gross weight
cement,2001,apparent_consumption,112800000.0,metric tons gross weight
cement,2001,production,88900000.0,metric tons gross weight
cement,2002,apparent_consumption,110020000.0,metric tons gross weight
cement,2002,production,89732000.0,metric tons gross weight
cement,2003,apparent_consumption,114090000.0,metric tons gross weight
cement,2003,production,92843000.0,metric tons gross weight
cement,2004,apparent_consumption,121980000.0,metric tons gross weight
cement,2004,production,97434000.0,metric tons gross weight
cement,2005,apparent_consumption,128250000.0,metric tons gross weight
cement,2005,production,99319000.0,metric tons gross weight
cement,2006,apparent_consumption,127660000.0,metric tons gross weight
cement,2006,production,98167000.0,metric tons gross weight
cement,2007,apparent_consumption,116550000.0,metric tons gross weight
cement,2007,production,95464000.0,metric tons gross weight
cement,2008,apparent_consumption,96760000.0,metric tons gross weight
cement,2008,production,86310000.0,metric tons gross weight
cement,2009,apparent_consumption,71540000.0,metric tons gross weight
cement,2009,production,63929000.0,metric tons gross weight
cement,2010,apparent_consumption,71180000.0,metric tons gross weight
cement,2010,production,66447000.0,metric tons gross weight
cement,2011,apparent_consumption,72200000.0,metric tons gross weight
cement,2011,production,67895000.0,metric tons gross weight
cement,2012,apparent_consumption,77880000.0,metric tons gross weight
cement,2012,production,74151000.0,metric tons gross weight
cement,2013,apparent_consumption,81750000.0,metric tons gross weight
cement,2013,production,76804000.0,metric tons gross weight
cement,2014,apparent_consumption,89220000.0,metric tons gross weight
cement,2014,production,82535000.0,metric tons gross weight
cement,2015,apparent_consumption,92150000.0,metric tons gross weight
cement,2015,production,84405000.0,metric tons gross weight
cement,2016,apparent_consumption,95150000.0,metric tons gross weight
cement,2016,production,84695000.0,metric tons gross weight
cement,2017,apparent_consumption,97160000.0,metric tons gross weight
cement,2017,production,86356000.0,metric tons gross weight
cement,2018,apparent_consumption,98500000.0,metric tons gross weight
cement,2018,production,86400000.0,metric tons gross weight
cement,2019,apparent_consumption,102000000.0,metric tons gross weight
cement,2019,production,87600000.0,metric tons gross weight
cement,2020,apparent_consumption,105000000.0,metric tons gross weight
cement,2020,production,89300000.0,metric tons gross weight
cement,2021,apparent_consumption,111000000.0,metric tons gross weight
cement,2021,production,91000000.0,metric tons gross weight
copper,1900,apparent_consumption,166000.0,metric tons copper content
copper,1900,consumption,166000.0,metric tons copper content
copper,1900,primary_production,291000.0,metric tons copper content
copper,1901,apparent_consumption,194000.0,metric tons copper content
copper,1901,consumption,118000.0,metric tons copper content
copper,1901,primary_production,302000.0,metric tons copper content
copper,1902,apparent_consumption,264000.0,metric tons copper content
copper,1902,consumption,265000.0,metric tons copper content
copper,1902,primary_production,317000.0,metric tons copper content
copper,1903,apparent_consumption,241000.0,metric tons copper content
copper,1903,consumption,241000.0,metric tons copper content
copper,1903,primary_production,331000.0,metric tons copper content
copper,1904,apparent_consumption,249000.0,metric tons copper content
copper,1904,consumption,248000.0,metric tons copper content
copper,1904,primary_production,404000.0,metric tons copper content
copper,1905,apparent_consumption,266000.0,metric tons copper content
copper,1905,consumption,266000.0,metric tons copper content
copper,1905,primary_production,426000.0,metric tons copper content
copper,1906,apparent_consumption,323000.0,metric tons copper content
copper,1906,consumption,318000.0,metric tons copper content
copper,1906,primary_production,489000.0,metric tons copper content
copper,1906,secondary_production,12000.0,metric tons copper content
copper,1907,apparent_consumption,322000.0,metric tons copper content
copper,1907,consumption,320000.0,metric tons copper content
copper,1907,primary_production,468000.0,metric tons copper content
copper,1907,secondary_production,14000.0,metric tons copper content
copper,1908,apparent_consumption,296000.0,metric tons copper content
copper,1908,consumption,294000.0,metric tons copper content
copper,1908,primary_production,516000.0,metric tons copper content
copper,1908,secondary_production,6000.0,metric tons copper content
copper,1909,apparent_consumption,458000.0,metric tons copper content
copper,1909,consumption,428000.0,metric tons copper content
copper,1909,primary_production,631000.0,metric tons copper content
copper,1909,secondary_production,36000.0,metric tons copper content
copper,1910,apparent_consumption,511000.0,metric tons copper content
copper,1910,consumption,466000.0,metric tons copper content
copper,1910,primary_production,645000.0,metric tons copper content
copper,1910,secondary_production,59000.0,metric tons copper content
copper,1911,apparent_consumption,499000.0,metric tons copper content
copper,1911,consumption,443000.0,metric tons copper content
copper,1911,primary_production,650000.0,metric tons copper content
copper,1911,secondary_production,69000.0,metric tons copper content
copper,1912,apparent_consumption,587000.0,metric tons copper content
copper,1912,consumption,504000.0,metric tons copper content
copper,1912,primary_production,711000.0,metric tons copper content
copper,1912,secondary_production,97000.0,metric tons copper content
copper,1913,apparent_consumption,588000.0,metric tons copper content
copper,1913,consumption,521000.0,metric tons copper content
copper,1913,primary_production,733000.0,metric tons copper content
copper,1913,secondary_production,83000.0,metric tons copper content
copper,1914,apparent_consumption,439000.0,metric tons copper content
copper,1914,consumption,416000.0,metric tons copper content
copper,1914,primary_production,696000.0,metric tons copper content
copper,1914,secondary_production,71000.0,metric tons copper content
copper,1915,apparent_consumption,675000.0,metric tons copper content
copper,1915,consumption,641000.0,metric tons copper content
copper,1915,primary_production,741000.0,metric tons copper content
copper,1915,secondary_production,110000.0,metric tons copper content
copper,1916,apparent_consumption,847000.0,metric tons copper content
copper,1916,consumption,797000.0,metric tons copper content
copper,1916,primary_production,1030000.0,metric tons copper content
copper,1916,secondary_production,159000.0,metric tons copper content
copper,1917,apparent_consumption,818000.0,metric tons copper content
copper,1917,consumption,760000.0,metric tons copper content
copper,1917,primary_production,1100000.0,metric tons copper content
copper,1917,secondary_production,177000.0,metric tons copper content
copper,1918,apparent_consumption,905000.0,metric tons copper content
copper,1918,consumption,877000.0,metric tons copper content
copper,1918,primary_production,1100000.0,metric tons copper content
copper,1918,secondary_production,160000.0,metric tons copper content
copper,1919,apparent_consumption,572000.0,metric tons copper content
copper,1919,consumption,666000.0,metric tons copper content
copper,1919,primary_production,803000.0,metric tons copper content
copper,1919,secondary_production,138000.0,metric tons copper content
copper,1920,apparent_consumption,642000.0,metric tons copper content
copper,1920,consumption,375000.0,metric tons copper content
copper,1920,primary_production,692000.0,metric tons copper content
copper,1920,secondary_production,153000.0,metric tons copper content
copper,1921,apparent_consumption,397000.0,metric tons copper content
copper,1921,consumption,269000.0,metric tons copper content
copper,1921,primary_production,431000.0,metric tons copper content
copper,1921,secondary_production,120000.0,metric tons copper content
copper,1922,apparent_consumption,615000.0,metric tons copper content
copper,1922,consumption,514000.0,metric tons copper content
copper,1922,primary_production,569000.0,metric tons copper content
copper,1922,secondary_production,184000.0,metric tons copper content
copper,1923,apparent_consumption,854000.0,metric tons copper content
copper,1923,consumption,878000.0,metric tons copper content
copper,1923,primary_production,898000.0,metric tons copper content
copper,1923,secondary_production,246000.0,metric tons copper content
copper,1924,apparent_consumption,889000.0,metric tons copper content
copper,1924,consumption,740000.0,metric tons copper content
copper,1924,primary_production,1030000.0,metric tons copper content
copper,1924,secondary_production,241000.0,metric tons copper content
copper,1925,apparent_consumption,924000.0,metric tons copper content
copper,1925,consumption,782000.0,metric tons copper content
copper,1925,primary_production,1000000.0,metric tons copper content
copper,1925,secondary_production,264000.0,metric tons copper content
copper,1926,apparent_consumption,1040000.0,metric tons copper content
copper,1926,consumption,968000.0,metric tons copper content
copper,1926,primary_production,1050000.0,metric tons copper content
copper,1926,secondary_production,306000.0,metric tons copper content
copper,1927,apparent_consumption,985000.0,metric tons copper content
copper,1927,consumption,854000.0,metric tons copper content
copper,1927,primary_production,1060000.0,metric tons copper content
copper,1927,secondary_production,308000.0,metric tons copper content
copper,1928,apparent_consumption,1100000.0,metric tons copper content
copper,1928,consumption,971000.0,metric tons copper content
copper,1928,primary_production,1130000.0,metric tons copper content
copper,1928,secondary_production,332000.0,metric tons copper content
copper,1929,apparent_consumption,1210000.0,metric tons copper content
copper,1929,consumption,1110000.0,metric tons copper content
copper,1929,primary_production,1240000.0,metric tons copper content
copper,1929,secondary_production,367000.0,metric tons copper content
copper,1930,apparent_consumption,918000.0,metric tons copper content
copper,1930,consumption,830000.0,metric tons copper content
copper,1930,primary_production,978000.0,metric tons copper content
copper,1930,secondary_production,310000.0,metric tons copper content
copper,1931,apparent_consumption,673000.0,metric tons copper content
copper,1931,consumption,607000.0,metric tons copper content
copper,1931,primary_production,681000.0,metric tons copper content
copper,1931,secondary_production,237000.0,metric tons copper content
copper,1932,apparent_consumption,412000.0,metric tons copper content
copper,1932,consumption,376000.0,metric tons copper content
copper,1932,primary_production,309000.0,metric tons copper content
copper,1932,secondary_production,164000.0,metric tons copper content
copper,1933,apparent_consumption,550000.0,metric tons copper content
copper,1933,consumption,490000.0,metric tons copper content
copper,1933,primary_production,336000.0,metric tons copper content
copper,1933,secondary_production,236000.0,metric tons copper content
copper,1934,apparent_consumption,407000.0,metric tons copper content
copper,1934,consumption,502000.0,metric tons copper content
copper,1934,primary_production,404000.0,metric tons copper content
copper,1934,secondary_production,282000.0,metric tons copper content
copper,1935,apparent_consumption,746000.0,metric tons copper content
copper,1935,consumption,658000.0,metric tons copper content
copper,1935,primary_production,534000.0,metric tons copper content
copper,1935,secondary_production,328000.0,metric tons copper content
copper,1936,apparent_consumption,997000.0,metric tons copper content
copper,1936,consumption,845000.0,metric tons copper content
copper,1936,primary_production,746000.0,metric tons copper content
copper,1936,secondary_production,347000.0,metric tons copper content
copper,1937,apparent_consumption,1000000.0,metric tons copper content
copper,1937,consumption,903000.0,metric tons copper content
copper,1937,primary_production,968000.0,metric tons copper content
copper,1937,secondary_production,371000.0,metric tons copper content
copper,1938,apparent_consumption,641000.0,metric tons copper content
copper,1938,consumption,557000.0,metric tons copper content
copper,1938,primary_production,719000.0,metric tons copper content
copper,1938,secondary_production,242000.0,metric tons copper content
copper,1939,apparent_consumption,953000.0,metric tons copper content
copper,1939,consumption,807000.0,metric tons copper content
copper,1939,primary_production,916000.0,metric tons copper content
copper,1939,secondary_production,260000.0,metric tons copper content
copper,1940,apparent_consumption,1250000.0,metric tons copper content
copper,1940,consumption,1090000.0,metric tons copper content
copper,1940,primary_production,1190000.0,metric tons copper content
copper,1940,secondary_production,303000.0,metric tons copper content
copper,1941,apparent_consumption,1970000.0,metric tons copper content
copper,1941,consumption,1620000.0,metric tons copper content
copper,1941,primary_production,1270000.0,metric tons copper content
copper,1941,secondary_production,374000.0,metric tons copper content
copper,1942,apparent_consumption,1760000.0,metric tons copper content
copper,1942,consumption,1620000.0,metric tons copper content
copper,1942,primary_production,1280000.0,metric tons copper content
copper,1942,secondary_production,387000.0,metric tons copper content
copper,1943,apparent_consumption,1750000.0,metric tons copper content
copper,1943,consumption,1590000.0,metric tons copper content
copper,1943,primary_production,1250000.0,metric tons copper content
copper,1943,secondary_production,388000.0,metric tons copper content
copper,1944,apparent_consumption,1740000.0,metric tons copper content
copper,1944,consumption,1570000.0,metric tons copper content
copper,1944,primary_production,1110000.0,metric tons copper content
copper,1944,secondary_production,414000.0,metric tons copper content
copper,1945,apparent_consumption,1650000.0,metric tons copper content
copper,1945,consumption,1250000.0,metric tons copper content
copper,1945,primary_production,1010000.0,metric tons copper content
copper,1945,secondary_production,451000.0,metric tons copper content
copper,1946,apparent_consumption,1710000.0,metric tons copper content
copper,1946,consumption,1030000.0,metric tons copper content
copper,1946,primary_production,797000.0,metric tons copper content
copper,1946,secondary_production,369000.0,metric tons copper content
copper,1947,apparent_consumption,1610000.0,metric tons copper content
copper,1947,consumption,1330000.0,metric tons copper content
copper,1947,primary_production,1050000.0,metric tons copper content
copper,1947,secondary_production,457000.0,metric tons copper content
copper,1948,apparent_consumption,1610000.0,metric tons copper content
copper,1948,consumption,1290000.0,metric tons copper content
copper,1948,primary_production,1010000.0,metric tons copper content
copper,1948,secondary_production,459000.0,metric tons copper content
copper,1949,apparent_consumption,1330000.0,metric tons copper content
copper,1949,consumption,1030000.0,metric tons copper content
copper,1949,primary_production,842000.0,metric tons copper content
copper,1949,secondary_production,348000.0,metric tons copper content
copper,1950,apparent_consumption,1340000.0,metric tons copper content
copper,1950,consumption,1290000.0,metric tons copper content
copper,1950,primary_production,1130000.0,metric tons copper content
copper,1950,secondary_production,440000.0,metric tons copper content
copper,1951,apparent_consumption,1550000.0,metric tons copper content
copper,1951,consumption,1290000.0,metric tons copper content
copper,1951,primary_production,1100000.0,metric tons copper content
copper,1951,secondary_production,416000.0,metric tons copper content
copper,1952,apparent_consumption,1620000.0,metric tons copper content
copper,1952,consumption,1340000.0,metric tons copper content
copper,1952,primary_production,1070000.0,metric tons copper content
copper,1952,secondary_production,376000.0,metric tons copper content
copper,1953,apparent_consumption,1560000.0,metric tons copper content
copper,1953,consumption,1360000.0,metric tons copper content
copper,1953,primary_production,1170000.0,metric tons copper content
copper,1953,secondary_production,390000.0,metric tons copper content
copper,1954,apparent_consumption,1320000.0,metric tons copper content
copper,1954,consumption,1140000.0,metric tons copper content
copper,1954,primary_production,1100000.0,metric tons copper content
copper,1954,secondary_production,369000.0,metric tons copper content
copper,1955,apparent_consumption,1630000.0,metric tons copper content
copper,1955,consumption,1360000.0,metric tons copper content
copper,1955,primary_production,1220000.0,metric tons copper content
copper,1955,secondary_production,467000.0,metric tons copper content
copper,1956,apparent_consumption,1640000.0,metric tons copper content
copper,1956,consumption,1380000.0,metric tons copper content
copper,1956,primary_production,1310000.0,metric tons copper content
copper,1956,secondary_production,425000.0,metric tons copper content
copper,1957,apparent_consumption,1450000.0,metric tons copper content
copper,1957,consumption,1230000.0,metric tons copper content
copper,1957,primary_production,1320000.0,metric tons copper content
copper,1957,secondary_production,403000.0,metric tons copper content
copper,1958,apparent_consumption,1310000.0,metric tons copper content
copper,1958,consumption,1140000.0,metric tons copper content
copper,1958,primary_production,1230000.0,metric tons copper content
copper,1958,secondary_production,373000.0,metric tons copper content
copper,1959,apparent_consumption,1550000.0,metric tons copper content
copper,1959,consumption,1330000.0,metric tons copper content
copper,1959,primary_production,996000.0,metric tons copper content
copper,1959,secondary_production,429000.0,metric tons copper content
copper,1960,apparent_consumption,1450000.0,metric tons copper content
copper,1960,consumption,1230000.0,metric tons copper content
copper,1960,primary_production,1380000.0,metric tons copper content
copper,1960,secondary_production,390000.0,metric tons copper content
copper,1961,apparent_consumption,1520000.0,metric tons copper content
copper,1961,consumption,1330000.0,metric tons copper content
copper,1961,primary_production,1410000.0,metric tons copper content
copper,1961,secondary_production,373000.0,metric tons copper content
copper,1962,apparent_consumption,1640000.0,metric tons copper content
copper,1962,consumption,1450000.0,metric tons copper content
copper,1962,primary_production,1460000.0,metric tons copper content
copper,1962,secondary_production,377000.0,metric tons copper content
copper,1963,apparent_consumption,1710000.0,metric tons copper content
copper,1963,consumption,1580000.0,metric tons copper content
copper,1963,primary_production,1450000.0,metric tons copper content
copper,1963,secondary_production,383000.0,metric tons copper content
copper,1964,apparent_consumption,1780000.0,metric tons copper content
copper,1964,consumption,1660000.0,metric tons copper content
copper,1964,primary_production,1500000.0,metric tons copper content
copper,1964,secondary_production,430000.0,metric tons copper content
copper,1965,apparent_consumption,1980000.0,metric tons copper content
copper,1965,consumption,1820000.0,metric tons copper content
copper,1965,primary_production,1550000.0,metric tons copper content
copper,1965,secondary_production,466000.0,metric tons copper content
copper,1966,apparent_consumption,2220000.0,metric tons copper content
copper,1966,consumption,2140000.0,metric tons copper content
copper,1966,primary_production,1550000.0,metric tons copper content
copper,1966,secondary_production,485000.0,metric tons copper content
copper,1967,apparent_consumption,1840000.0,metric tons copper content
copper,1967,consumption,1760000.0,metric tons copper content
copper,1967,primary_production,1030000.0,metric tons copper content
copper,1967,secondary_production,438000.0,metric tons copper content
copper,1968,apparent_consumption,1910000.0,metric tons copper content
copper,1968,consumption,1710000.0,metric tons copper content
copper,1968,primary_production,1300000.0,metric tons copper content
copper,1968,secondary_production,472000.0,metric tons copper content
copper,1969,apparent_consumption,2060000.0,metric tons copper content
copper,1969,consumption,1940000.0,metric tons copper content
copper,1969,primary_production,1580000.0,metric tons copper content
copper,1969,secondary_production,522000.0,metric tons copper content
copper,1970,apparent_consumption,1820000.0,metric tons copper content
copper,1970,consumption,1850000.0,metric tons copper content
copper,1970,primary_production,1600000.0,metric tons copper content
copper,1970,secondary_production,457000.0,metric tons copper content
copper,1971,apparent_consumption,1890000.0,metric tons copper content
copper,1971,consumption,1830000.0,metric tons copper content
copper,1971,primary_production,1440000.0,metric tons copper content
copper,1971,secondary_production,404000.0,metric tons copper content
copper,1972,apparent_consumption,2140000.0,metric tons copper content
copper,1972,consumption,2030000.0,metric tons copper content
copper,1972,primary_production,1700000.0,metric tons copper content
copper,1972,secondary_production,416000.0,metric tons copper content
copper,1973,apparent_consumption,2220000.0,metric tons copper content
copper,1973,consumption,2210000.0,metric tons copper content
copper,1973,primary_production,1700000.0,metric tons copper content
copper,1973,secondary_production,441000.0,metric tons copper content
copper,1974,apparent_consumption,2150000.0,metric tons copper content
copper,1974,consumption,1990000.0,metric tons copper content
copper,1974,primary_production,1500000.0,metric tons copper content
copper,1974,secondary_production,439000.0,metric tons copper content
copper,1975,apparent_consumption,1470000.0,metric tons copper content
copper,1975,consumption,1390000.0,metric tons copper content
copper,1975,primary_production,1310000.0,metric tons copper content
copper,1975,secondary_production,335000.0,metric tons copper content
copper,1976,apparent_consumption,1920000.0,metric tons copper content
copper,1976,consumption,1810000.0,metric tons copper content
copper,1976,primary_production,1400000.0,metric tons copper content
copper,1976,secondary_production,380000.0,metric tons copper content
copper,1977,apparent_consumption,2070000.0,metric tons copper content
copper,1977,consumption,1980000.0,metric tons copper content
copper,1977,primary_production,1360000.0,metric tons copper content
copper,1977,secondary_production,410000.0,metric tons copper content
copper,1978,apparent_consumption,2370000.0,metric tons copper content
copper,1978,consumption,2190000.0,metric tons copper content
copper,1978,primary_production,1450000.0,metric tons copper content
copper,1978,secondary_production,502000.0,metric tons copper content
copper,1979,apparent_consumption,2430000.0,metric tons copper content
copper,1979,consumption,2160000.0,metric tons copper content
copper,1979,primary_production,1520000.0,metric tons copper content
copper,1979,secondary_production,604000.0,metric tons copper content
copper,1980,apparent_consumption,2180000.0,metric tons copper content
copper,1980,consumption,1860000.0,metric tons copper content
copper,1980,primary_production,1220000.0,metric tons copper content
copper,1980,secondary_production,613000.0,metric tons copper content
copper,1981,apparent_consumption,2270000.0,metric tons copper content
copper,1981,consumption,2030000.0,metric tons copper content
copper,1981,primary_production,1540000.0,metric tons copper content
copper,1981,secondary_production,592000.0,metric tons copper content
copper,1982,apparent_consumption,1760000.0,metric tons copper content
copper,1982,consumption,1660000.0,metric tons copper content
copper,1982,primary_production,1230000.0,metric tons copper content
copper,1982,secondary_production,518000.0,metric tons copper content
copper,1983,apparent_consumption,2010000.0,metric tons copper content
copper,1983,consumption,1800000.0,metric tons copper content
copper,1983,primary_production,1210000.0,metric tons copper content
copper,1983,secondary_production,449000.0,metric tons copper content
copper,1984,apparent_consumption,2120000.0,metric tons copper content
copper,1984,consumption,2120000.0,metric tons copper content
copper,1984,primary_production,1170000.0,metric tons copper content
copper,1984,secondary_production,461000.0,metric tons copper content
copper,1985,apparent_consumption,2140000.0,metric tons copper content
copper,1985,consumption,1980000.0,metric tons copper content
copper,1985,primary_production,1060000.0,metric tons copper content
copper,1985,secondary_production,503000.0,metric tons copper content
copper,1986,apparent_consumption,2140000.0,metric tons copper content
copper,1986,consumption,2100000.0,metric tons copper content
copper,1986,primary_production,1070000.0,metric tons copper content
copper,1986,secondary_production,477000.0,metric tons copper content
copper,1987,apparent_consumption,2200000.0,metric tons copper content
copper,1987,consumption,2130000.0,metric tons copper content
copper,1987,primary_production,1130000.0,metric tons copper content
copper,1987,secondary_production,498000.0,metric tons copper content
copper,1988,apparent_consumption,2210000.0,metric tons copper content
copper,1988,consumption,2210000.0,metric tons copper content
copper,1988,primary_production,1410000.0,metric tons copper content
copper,1988,secondary_production,518000.0,metric tons copper content
copper,1989,apparent_consumption,2180000.0,metric tons copper content
copper,1989,consumption,2200000.0,metric tons copper content
copper,1989,primary_production,1480000.0,metric tons copper content
copper,1989,secondary_production,548000.0,metric tons copper content
copper,1990,apparent_consumption,2170000.0,metric tons copper content
copper,1990,consumption,2150000.0,metric tons copper content
copper,1990,primary_production,1580000.0,metric tons copper content
copper,1990,secondary_production,536000.0,metric tons copper content
copper,1991,apparent_consumption,2090000.0,metric tons copper content
copper,1991,consumption,2050000.0,metric tons copper content
copper,1991,primary_production,1580000.0,metric tons copper content
copper,1991,secondary_production,533000.0,metric tons copper content
copper,1992,apparent_consumption,2310000.0,metric tons copper content
copper,1992,consumption,2180000.0,metric tons copper content
copper,1992,primary_production,1710000.0,metric tons copper content
copper,1992,secondary_production,554000.0,metric tons copper content
copper,1993,apparent_consumption,2510000.0,metric tons copper content
copper,1993,consumption,2360000.0,metric tons copper content
copper,1993,primary_production,1790000.0,metric tons copper content
copper,1993,secondary_production,543000.0,metric tons copper content
copper,1994,apparent_consumption,2680000.0,metric tons copper content
copper,1994,consumption,2680000.0,metric tons copper content
copper,1994,primary_production,1840000.0,metric tons copper content
copper,1994,secondary_production,500000.0,metric tons copper content
copper,1995,apparent_consumption,2540000.0,metric tons copper content
copper,1995,consumption,2530000.0,metric tons copper content
copper,1995,primary_production,1930000.0,metric tons copper content
copper,1995,secondary_production,443000.0,metric tons copper content
copper,1996,apparent_consumption,2830000.0,metric tons copper content
copper,1996,consumption,2610000.0,metric tons copper content
copper,1996,primary_production,2010000.0,metric tons copper content
copper,1996,secondary_production,428000.0,metric tons copper content
copper,1997,apparent_consumption,2940000.0,metric tons copper content
copper,1997,consumption,2790000.0,metric tons copper content
copper,1997,primary_production,2070000.0,metric tons copper content
copper,1997,secondary_production,498000.0,metric tons copper content
copper,1998,apparent_consumption,3030000.0,metric tons copper content
copper,1998,consumption,2890000.0,metric tons copper content
copper,1998,primary_production,2140000.0,metric tons copper content
copper,1998,secondary_production,466000.0,metric tons copper content
copper,1999,apparent_consumption,3130000.0,metric tons copper content
copper,1999,consumption,2980000.0,metric tons copper content
copper,1999,primary_production,1890000.0,metric tons copper content
copper,1999,secondary_production,381000.0,metric tons copper content
copper,2000,apparent_consumption,3090000.0,metric tons copper content
copper,2000,consumption,3020000.0,metric tons copper content
copper,2000,primary_production,1580000.0,metric tons copper content
copper,2000,secondary_production,358000.0,metric tons copper content
copper,2001,apparent_consumption,2510000.0,metric tons copper content
copper,2001,consumption,2620000.0,metric tons copper content
copper,2001,primary_production,1630000.0,metric tons copper content
copper,2001,secondary_production,317000.0,metric tons copper content
copper,2002,apparent_consumption,2610000.0,metric tons copper content
copper,2002,consumption,2370000.0,metric tons copper content
copper,2002,primary_production,1440000.0,metric tons copper content
copper,2002,secondary_production,190000.0,metric tons copper content
copper,2003,apparent_consumption,2430000.0,metric tons copper content
copper,2003,consumption,2290000.0,metric tons copper content
copper,2003,primary_production,1250000.0,metric tons copper content
copper,2003,secondary_production,207000.0,metric tons copper content
copper,2004,apparent_consumption,2550000.0,metric tons copper content
copper,2004,consumption,2410000.0,metric tons copper content
copper,2004,primary_production,1260000.0,metric tons copper content
copper,2004,secondary_production,191000.0,metric tons copper content
copper,2005,apparent_consumption,2420000.0,metric tons copper content
copper,2005,consumption,2270000.0,metric tons copper content
copper,2005,primary_production,1210000.0,metric tons copper content
copper,2005,secondary_production,183000.0,metric tons copper content
copper,2006,apparent_consumption,2200000.0,metric tons copper content
copper,2006,consumption,2110000.0,metric tons copper content
copper,2006,primary_production,1210000.0,metric tons copper content
copper,2006,secondary_production,151000.0,metric tons copper content
copper,2007,apparent_consumption,2270000.0,metric tons copper content
copper,2007,consumption,2140000.0,metric tons copper content
copper,2007,primary_production,1270000.0,metric tons copper content
copper,2007,secondary_production,162000.0,metric tons copper content
copper,2008,apparent_consumption,2000000.0,metric tons copper content
copper,2008,consumption,2020000.0,metric tons copper content
copper,2008,primary_production,1220000.0,metric tons copper content
copper,2008,secondary_production,159000.0,metric tons copper content
copper,2009,apparent_consumption,1580000.0,metric tons copper content
copper,2009,consumption,1650000.0,metric tons copper content
copper,2009,primary_production,1110000.0,metric tons copper content
copper,2009,secondary_production,138000.0,metric tons copper content
copper,2010,apparent_consumption,1760000.0,metric tons copper content
copper,2010,consumption,1760000.0,metric tons copper content
copper,2010,primary_production,1060000.0,metric tons copper content
copper,2010,secondary_production,143000.0,metric tons copper content
copper,2011,apparent_consumption,1730000.0,metric tons copper content
copper,2011,consumption,1760000.0,metric tons copper content
copper,2011,primary_production,992000.0,metric tons copper content
copper,2011,secondary_production,153000.0,metric tons copper content
copper,2012,apparent_consumption,1760000.0,metric tons copper content
copper,2012,consumption,1760000.0,metric tons copper content
copper,2012,primary_production,962000.0,metric tons copper content
copper,2012,secondary_production,164000.0,metric tons copper content
copper,2013,apparent_consumption,1760000.0,metric tons copper content
copper,2013,consumption,1830000.0,metric tons copper content
copper,2013,primary_production,993000.0,metric tons copper content
copper,2013,secondary_production,166000.0,metric tons copper content
copper,2014,apparent_consumption,1780000.0,metric tons copper content
copper,2014,consumption,1760000.0,metric tons copper content
copper,2014,primary_production,1050000.0,metric tons copper content
copper,2014,secondary_production,173000.0,metric tons copper content
copper,2015,apparent_consumption,1840000.0,metric tons copper content
copper,2015,consumption,1810000.0,metric tons copper content
copper,2015,primary_production,1090000.0,metric tons copper content
copper,2015,secondary_production,166000.0,metric tons copper content
copper,2016,apparent_consumption,1880000.0,metric tons copper content
copper,2016,consumption,1800000.0,metric tons copper content
copper,2016,primary_production,1180000.0,metric tons copper content
copper,2016,secondary_production,149000.0,metric tons copper content
copper,2017,apparent_consumption,1860000.0,metric tons copper content
copper,2017,consumption,1800000.0,metric tons copper content
copper,2017,primary_production,1040000.0,metric tons copper content
copper,2017,secondary_production,146000.0,metric tons copper content
copper,2018,apparent_consumption,1820000.0,metric tons copper content
copper,2018,consumption,1820000.0,metric tons copper content
copper,2018,primary_production,1070000.0,metric tons copper content
copper,2018,secondary_production,141000.0,metric tons copper content
copper,2019,apparent_consumption,1820000.0,metric tons copper content
copper,2019,consumption,1810000.0,metric tons copper content
copper,2019,primary_production,985000.0,metric tons copper content
copper,2019,secondary_production,166000.0,metric tons copper content
copper,2020,apparent_consumption,1660000.0,metric tons copper content
copper,2020,consumption,1770000.0,metric tons copper content
copper,2020,primary_production,874000.0,metric tons copper content
copper,2020,secondary_production,160000.0,metric tons copper content
gold,1900,primary_production,120.0,metric tons gold content
gold,1900,reported_consumption,33.2,metric tons gold content
gold,1901,primary_production,120.0,metric tons gold content
gold,1901,reported_consumption,35.9,metric tons gold content
gold,1902,primary_production,122.0,metric tons gold content
gold,1902,reported_consumption,41.7,metric tons gold content
gold,1903,primary_production,114.0,metric tons gold content
gold,1903,reported_consumption,43.7,metric tons gold content
gold,1904,primary_production,122.0,metric tons gold content
gold,1904,reported_consumption,43.1,metric tons gold content
gold,1905,primary_production,133.0,metric tons gold content
gold,1905,reported_consumption,50.0,metric tons gold content
gold,1906,primary_production,146.0,metric tons gold content
gold,1906,reported_consumption,58.9,metric tons gold content
gold,1907,primary_production,132.0,metric tons gold content
gold,1907,reported_consumption,61.3,metric tons gold content
gold,1908,primary_production,138.0,metric tons gold content
gold,1908,reported_consumption,47.4,metric tons gold content
gold,1909,primary_production,150.0,metric tons gold content
gold,1909,reported_consumption,56.6,metric tons gold content
gold,1910,primary_production,143.0,metric tons gold content
gold,1910,reported_consumption,62.9,metric tons gold content
gold,1911,primary_production,146.0,metric tons gold content
gold,1911,reported_consumption,61.4,metric tons gold content
gold,1912,primary_production,140.0,metric tons gold content
gold,1912,reported_consumption,66.2,metric tons gold content
gold,1913,primary_production,135.0,metric tons gold content
gold,1913,reported_consumption,69.0,metric tons gold content
gold,1914,primary_production,139.0,metric tons gold content
gold,1914,reported_consumption,54.4,metric tons gold content
gold,1915,primary_production,150.0,metric tons gold content
gold,1915,reported_consumption,54.4,metric tons gold content
gold,1916,primary_production,140.0,metric tons gold content
gold,1916,reported_consumption,75.3,metric tons gold content
gold,1917,primary_production,123.0,metric tons gold content
gold,1917,reported_consumption,75.9,metric tons gold content
gold,1918,primary_production,102.0,metric tons gold content
gold,1918,reported_consumption,79.8,metric tons gold content
gold,1919,primary_production,85.6,metric tons gold content
gold,1919,reported_consumption,115.0,metric tons gold content
gold,1920,primary_production,74.1,metric tons gold content
gold,1920,reported_consumption,120.0,metric tons gold content
gold,1921,primary_production,72.9,metric tons gold content
gold,1921,reported_consumption,72.9,metric tons gold content
gold,1922,primary_production,71.3,metric tons gold content
gold,1922,reported_consumption,85.2,metric tons gold content
gold,1923,primary_production,74.8,metric tons gold content
gold,1923,reported_consumption,101.0,metric tons gold content
gold,1924,primary_production,76.0,metric tons gold content
gold,1924,reported_consumption,97.5,metric tons gold content
gold,1925,primary_production,71.8,metric tons gold content
gold,1925,reported_consumption,92.1,metric tons gold content
gold,1926,primary_production,69.4,metric tons gold content
gold,1926,reported_consumption,94.8,metric tons gold content
gold,1927,primary_production,65.5,metric tons gold content
gold,1927,reported_consumption,85.5,metric tons gold content
gold,1928,primary_production,66.8,metric tons gold content
gold,1928,reported_consumption,85.1,metric tons gold content
gold,1929,primary_production,64.0,metric tons gold content
gold,1929,reported_consumption,85.6,metric tons gold content
gold,1930,primary_production,66.5,metric tons gold content
gold,1930,reported_consumption,64.2,metric tons gold content
gold,1931,primary_production,69.2,metric tons gold content
gold,1931,reported_consumption,43.9,metric tons gold content
gold,1932,primary_production,72.5,metric tons gold content
gold,1932,reported_consumption,30.3,metric tons gold content
gold,1933,primary_production,71.7,metric tons gold content
gold,1933,reported_consumption,20.7,metric tons gold content
gold,1934,primary_production,86.4,metric tons gold content
gold,1934,reported_consumption,12.7,metric tons gold content
gold,1935,primary_production,101.0,metric tons gold content
gold,1935,reported_consumption,23.0,metric tons gold content
gold,1936,primary_production,118.0,metric tons gold content
gold,1936,reported_consumption,29.3,metric tons gold content
gold,1937,primary_production,128.0,metric tons gold content
gold,1937,reported_consumption,35.2,metric tons gold content
gold,1938,primary_production,161.0,metric tons gold content
gold,1938,reported_consumption,26.8,metric tons gold content
gold,1939,primary_production,145.0,metric tons gold content
gold,1939,reported_consumption,34.5,metric tons gold content
gold,1940,primary_production,151.0,metric tons gold content
gold,1940,reported_consumption,36.6,metric tons gold content
gold,1941,primary_production,148.0,metric tons gold content
gold,1941,reported_consumption,60.4,metric tons gold content
gold,1942,primary_production,108.0,metric tons gold content
gold,1942,reported_consumption,67.3,metric tons gold content
gold,1943,primary_production,42.4,metric tons gold content
gold,1943,reported_consumption,86.1,metric tons gold content
gold,1944,primary_production,31.1,metric tons gold content
gold,1944,reported_consumption,109.0,metric tons gold content
gold,1945,primary_production,29.7,metric tons gold content
gold,1945,reported_consumption,124.0,metric tons gold content
gold,1946,primary_production,49.0,metric tons gold content
gold,1946,reported_consumption,177.0,metric tons gold content
gold,1947,primary_production,65.6,metric tons gold content
gold,1947,reported_consumption,87.2,metric tons gold content
gold,1948,primary_production,62.7,metric tons gold content
gold,1948,reported_consumption,80.1,metric tons gold content
gold,1949,primary_production,62.0,metric tons gold content
gold,1949,reported_consumption,132.0,metric tons gold content
gold,1950,primary_production,74.5,metric tons gold content
gold,1950,reported_consumption,120.0,metric tons gold content
gold,1951,primary_production,61.6,metric tons gold content
gold,1951,reported_consumption,93.3,metric tons gold content
gold,1952,primary_production,58.9,metric tons gold content
gold,1952,reported_consumption,113.0,metric tons gold content
gold,1953,primary_production,60.9,metric tons gold content
gold,1953,reported_consumption,100.0,metric tons gold content
gold,1954,primary_production,57.1,metric tons gold content
gold,1954,reported_consumption,69.6,metric tons gold content
gold,1955,primary_production,58.5,metric tons gold content
gold,1955,reported_consumption,61.1,metric tons gold content
gold,1956,primary_production,56.8,metric tons gold content
gold,1956,reported_consumption,68.0,metric tons gold content
gold,1957,primary_production,55.8,metric tons gold content
gold,1957,reported_consumption,69.7,metric tons gold content
gold,1958,primary_production,54.1,metric tons gold content
gold,1958,reported_consumption,80.9,metric tons gold content
gold,1959,primary_production,49.9,metric tons gold content
gold,1959,reported_consumption,98.8,metric tons gold content
gold,1960,primary_production,51.8,metric tons gold content
gold,1960,reported_consumption,115.0,metric tons gold content
gold,1961,primary_production,48.2,metric tons gold content
gold,1961,reported_consumption,122.0,metric tons gold content
gold,1962,primary_production,48.0,metric tons gold content
gold,1962,reported_consumption,140.0,metric tons gold content
gold,1963,primary_production,45.2,metric tons gold content
gold,1963,reported_consumption,132.0,metric tons gold content
gold,1964,primary_production,45.3,metric tons gold content
gold,1964,reported_consumption,183.0,metric tons gold content
gold,1964,secondary_production,16.1,metric tons gold content
gold,1965,primary_production,53.0,metric tons gold content
gold,1965,reported_consumption,204.0,metric tons gold content
gold,1965,secondary_production,18.0,metric tons gold content
gold,1966,primary_production,56.1,metric tons gold content
gold,1966,reported_consumption,242.0,metric tons gold content
gold,1966,secondary_production,21.2,metric tons gold content
gold,1967,primary_production,49.3,metric tons gold content
gold,1967,reported_consumption,291.0,metric tons gold content
gold,1967,secondary_production,25.3,metric tons gold content
gold,1968,primary_production,46.0,metric tons gold content
gold,1968,reported_consumption,296.0,metric tons gold content
gold,1968,secondary_production,28.0,metric tons gold content
gold,1969,primary_production,53.9,metric tons gold content
gold,1969,reported_consumption,312.0,metric tons gold content
gold,1969,secondary_production,28.0,metric tons gold content
gold,1970,primary_production,54.2,metric tons gold content
gold,1970,reported_consumption,272.0,metric tons gold content
gold,1970,secondary_production,26.4,metric tons gold content
gold,1971,primary_production,46.5,metric tons gold content
gold,1971,reported_consumption,284.0,metric tons gold content
gold,1971,secondary_production,28.9,metric tons gold content
gold,1972,primary_production,45.1,metric tons gold content
gold,1972,reported_consumption,292.0,metric tons gold content
gold,1972,secondary_production,27.7,metric tons gold content
gold,1973,primary_production,36.6,metric tons gold content
gold,1973,reported_consumption,265.0,metric tons gold content
gold,1973,secondary_production,23.4,metric tons gold content
gold,1974,primary_production,35.1,metric tons gold content
gold,1974,reported_consumption,205.0,metric tons gold content
gold,1974,secondary_production,25.3,metric tons gold content
gold,1975,primary_production,32.7,metric tons gold content
gold,1975,reported_consumption,208.0,metric tons gold content
gold,1975,secondary_production,34.9,metric tons gold content
gold,1976,primary_production,32.6,metric tons gold content
gold,1976,reported_consumption,222.0,metric tons gold content
gold,1976,secondary_production,33.2,metric tons gold content
gold,1977,primary_production,34.2,metric tons gold content
gold,1977,reported_consumption,228.0,metric tons gold content
gold,1977,secondary_production,32.3,metric tons gold content
gold,1978,primary_production,31.1,metric tons gold content
gold,1978,reported_consumption,243.0,metric tons gold content
gold,1978,secondary_production,43.0,metric tons gold content
gold,1979,primary_production,30.0,metric tons gold content
gold,1979,reported_consumption,239.0,metric tons gold content
gold,1979,secondary_production,52.1,metric tons gold content
gold,1980,primary_production,30.2,metric tons gold content
gold,1980,reported_consumption,170.0,metric tons gold content
gold,1980,secondary_production,67.9,metric tons gold content
gold,1981,primary_production,42.9,metric tons gold content
gold,1981,reported_consumption,165.0,metric tons gold content
gold,1981,secondary_production,50.1,metric tons gold content
gold,1982,primary_production,45.6,metric tons gold content
gold,1982,reported_consumption,163.0,metric tons gold content
gold,1982,secondary_production,55.5,metric tons gold content
gold,1983,primary_production,62.3,metric tons gold content
gold,1983,reported_consumption,192.0,metric tons gold content
gold,1983,secondary_production,55.5,metric tons gold content
gold,1984,primary_production,64.9,metric tons gold content
gold,1984,reported_consumption,203.0,metric tons gold content
gold,1984,secondary_production,55.0,metric tons gold content
gold,1985,primary_production,75.5,metric tons gold content
gold,1985,reported_consumption,182.0,metric tons gold content
gold,1985,secondary_production,49.8,metric tons gold content
gold,1986,primary_production,116.0,metric tons gold content
gold,1986,reported_consumption,247.0,metric tons gold content
gold,1986,secondary_production,47.3,metric tons gold content
gold,1987,primary_production,154.0,metric tons gold content
gold,1987,reported_consumption,260.0,metric tons gold content
gold,1987,secondary_production,63.8,metric tons gold content
gold,1988,primary_production,201.0,metric tons gold content
gold,1988,reported_consumption,229.0,metric tons gold content
gold,1988,secondary_production,61.4,metric tons gold content
gold,1989,primary_production,266.0,metric tons gold content
gold,1989,reported_consumption,230.0,metric tons gold content
gold,1989,secondary_production,51.9,metric tons gold content
gold,1990,primary_production,294.0,metric tons gold content
gold,1990,reported_consumption,215.0,metric tons gold content
gold,1990,secondary_production,44.0,metric tons gold content
gold,1991,primary_production,294.0,metric tons gold content
gold,1991,reported_consumption,202.0,metric tons gold content
gold,1991,secondary_production,48.1,metric tons gold content
gold,1992,primary_production,330.0,metric tons gold content
gold,1992,reported_consumption,219.0,metric tons gold content
gold,1992,secondary_production,53.4,metric tons gold content
gold,1993,primary_production,331.0,metric tons gold content
gold,1993,reported_consumption,233.0,metric tons gold content
gold,1993,secondary_production,66.0,metric tons gold content
gold,1994,primary_production,327.0,metric tons gold content
gold,1994,reported_consumption,237.0,metric tons gold content
gold,1994,secondary_production,75.0,metric tons gold content
gold,1995,primary_production,317.0,metric tons gold content
gold,1995,reported_consumption,245.0,metric tons gold content
gold,1995,secondary_production,43.0,metric tons gold content
gold,1996,primary_production,326.0,metric tons gold content
gold,1996,reported_consumption,246.0,metric tons gold content
gold,1996,secondary_production,44.0,metric tons gold content
gold,1997,primary_production,362.0,metric tons gold content
gold,1997,reported_consumption,272.0,metric tons gold content
gold,1997,secondary_production,49.0,metric tons gold content
gold,1998,primary_production,366.0,metric tons gold content
gold,1998,reported_consumption,308.0,metric tons gold content
gold,1998,secondary_production,86.3,metric tons gold content
gold,1999,primary_production,341.0,metric tons gold content
gold,1999,reported_consumption,323.0,metric tons gold content
gold,1999,secondary_production,77.2,metric tons gold content
gold,2000,primary_production,353.0,metric tons gold content
gold,2000,reported_consumption,277.0,metric tons gold content
gold,2000,secondary_production,40.0,metric tons gold content
gold,2001,primary_production,335.0,metric tons gold content
gold,2001,reported_consumption,233.0,metric tons gold content
gold,2001,secondary_production,40.5,metric tons gold content
gold,2002,primary_production,298.0,metric tons gold content
gold,2002,reported_consumption,230.0,metric tons gold content
gold,2002,secondary_production,38.3,metric tons gold content
gold,2003,primary_production,277.0,metric tons gold content
gold,2003,reported_consumption,225.0,metric tons gold content
gold,2003,secondary_production,44.0,metric tons gold content
gold,2004,primary_production,258.0,metric tons gold content
gold,2004,reported_consumption,224.0,metric tons gold content
gold,2004,secondary_production,45.0,metric tons gold content
gold,2005,primary_production,256.0,metric tons gold content
gold,2005,reported_consumption,220.0,metric tons gold content
gold,2005,secondary_production,40.0,metric tons gold content
gold,2006,primary_production,252.0,metric tons gold content
gold,2006,reported_consumption,211.0,metric tons gold content
gold,2006,secondary_production,44.0,metric tons gold content
gold,2007,primary_production,238.0,metric tons gold content
gold,2007,reported_consumption,179.0,metric tons gold content
gold,2007,secondary_production,66.0,metric tons gold content
gold,2008,primary_production,233.0,metric tons gold content
gold,2008,reported_consumption,175.0,metric tons gold content
gold,2008,secondary_production,181.0,metric tons gold content
gold,2009,primary_production,223.0,metric tons gold content
gold,2009,reported_consumption,173.0,metric tons gold content
gold,2009,secondary_production,189.0,metric tons gold content
gold,2010,primary_production,231.0,metric tons gold content
gold,2010,reported_consumption,180.0,metric tons gold content
gold,2010,secondary_production,198.0,metric tons gold content
gold,2011,primary_production,234.0,metric tons gold content
gold,2011,reported_consumption,168.0,metric tons gold content
gold,2011,secondary_production,263.0,metric tons gold content
gold,2012,primary_production,235.0,metric tons gold content
gold,2012,reported_consumption,147.0,metric tons gold content
gold,2012,secondary_production,215.0,metric tons gold content
gold,2013,primary_production,230.0,metric tons gold content
gold,2013,reported_consumption,160.0,metric tons gold content
gold,2013,secondary_production,210.0,metric tons gold content
gold,2014,primary_production,210.0,metric tons gold content
gold,2014,reported_consumption,152.0,metric tons gold content
gold,2014,secondary_production,223.0,metric tons gold content
gold,2015,primary_production,214.0,metric tons gold content
gold,2015,reported_consumption,191.0,metric tons gold content
gold,2015,secondary_production,238.0,metric tons gold content
gold,2016,primary_production,232.0,metric tons gold content
gold,2016,reported_consumption,210.0,metric tons gold content
gold,2016,secondary_production,220.0,metric tons gold content
gold,2017,primary_production,237.0,metric tons gold content
gold,2017,reported_consumption,159.0,metric tons gold content
gold,2017,secondary_production,119.0,metric tons gold content
gold,2018,primary_production,226.0,metric tons gold content
gold,2018,reported_consumption,154.0,metric tons gold content
gold,2018,secondary_production,94.0,metric tons gold content
gold,2019,primary_production,201.0,metric tons gold content
gold,2019,reported_consumption,151.0,metric tons gold content
gold,2019,secondary_production,116.0,metric tons gold content
gold,2020,primary_production,193.0,metric tons gold content
gold,2020,reported_consumption,187.0,metric tons gold content
gold,2020,secondary_production,92.0,metric tons gold content
gold,2021,primary_production,187.0,metric tons gold content
gold,2021,reported_consumption,265.0,metric tons gold content
gold,2021,secondary_production,92.0,metric tons gold content
gold,2022,primary_production,173.0,metric tons gold content
gold,2022,reported_consumption,257.0,metric tons gold content
gold,2022,secondary_production,93.0,metric tons gold content
