source_id,series_id,row_id,pixel_x,pixel_y,time_ps,normalized_signal,extraction_uncertainty,source_locator,series_mapping_status
ding_2022_fig1d_digitized,red_trace,red_trace:391,391,298.5,49.82699,0.84285714,0.011428571428571429,"Nature Communications 13, 285 (2022), Fig. 1d; color mapping remains open",OPEN_COLOR_TO_GRATING_PERIOD
ding_2022_fig1d_digitized,red_trace,red_trace:392,392,301.0,53.979239,0.82857143,0.011428571428571429,"Nature Communications 13, 285 (2022), Fig. 1d; color mapping remains open",OPEN_COLOR_TO_GRATING_PERIOD
ding_2022_fig1d_digitized,red_trace,red_trace:393,393,303.0,58.131488,0.81714286,0.011428571428571429,"Nature Communications 13, 285 (2022), Fig. 1d; color mapping remains open",OPEN_COLOR_TO_GRATING_PERIOD
ding_2022_fig1d_digitized,red_trace,red_trace:394,394,306.5,62.283737,0.79714286,0.011428571428571429,"Nature Communications 13, 285 (2022), Fig. 1d; color mapping remains open",OPEN_COLOR_TO_GRATING_PERIOD
ding_2022_fig1d_digitized,red_trace,red_trace:395,395,309.5,66.435986,0.78,0.011428571428571429,"Nature Communications 13, 285 (2022), Fig. 1d; color mapping remains open",OPEN_COLOR_TO_GRATING_PERIOD
ding_2022_fig1d_digitized,red_trace,red_trace:396,396,311.0,70.588235,0.77142857,0.011428571428571429,"Nature Communications 13, 285 (2022), Fig. 1d; color mapping remains open",OPEN_COLOR_TO_GRATING_PERIOD
ding_2022_fig1d_digitized,red_trace,red_trace:397,397,313.0,74.740484,0.76,0.011428571428571429,"Nature Communications 13, 285 (2022), Fig. 1d; color mapping remains open",OPEN_COLOR_TO_GRATING_PERIOD
ding_2022_fig1d_digitized,red_trace,red_trace:398,398,315.5,78.892734,0.74571429,0.011428571428571429,"Nature Communications 13, 285 (2022), Fig. 1d; color mapping remains open",OPEN_COLOR_TO_GRATING_PERIOD
ding_2022_fig1d_digitized,red_trace,red_trace:399,399,319.0,83.044983,0.72571429,0.011428571428571429,"Nature Communications 13, 285 (2022), Fig. 1d; color mapping remains open",OPEN_COLOR_TO_GRATING_PERIOD
ding_2022_fig1d_digitized,red_trace,red_trace:400,400,322.0,87.197232,0.70857143,0.011428571428571429,"Nature Communications 13, 285 (2022), Fig. 1d; color mapping remains open",OPEN_COLOR_TO_GRATING_PERIOD
ding_2022_fig1d_digitized,red_trace,red_trace:401,401,324.5,91.349481,0.69428571,0.011428571428571429,"Nature Communications 13, 285 (2022), Fig. 1d; color mapping remains open",OPEN_COLOR_TO_GRATING_PERIOD
ding_2022_fig1d_digitized,red_trace,red_trace:402,402,328.0,95.50173,0.67428571,0.011428571428571429,"Nature Communications 13, 285 (2022), Fig. 1d; color mapping remains open",OPEN_COLOR_TO_GRATING_PERIOD
ding_2022_fig1d_digitized,red_trace,red_trace:403,403,331.0,99.653979,0.65714286,0.011428571428571429,"Nature Communications 13, 285 (2022), Fig. 1d; color mapping remains open",OPEN_COLOR_TO_GRATING_PERIOD
ding_2022_fig1d_digitized,red_trace,red_trace:404,404,333.5,103.806228,0.64285714,0.011428571428571429,"Nature Communications 13, 285 (2022), Fig. 1d; color mapping remains open",OPEN_COLOR_TO_GRATING_PERIOD
ding_2022_fig1d_digitized,red_trace,red_trace:405,405,337.0,107.958478,0.62285714,0.011428571428571429,"Nature Communications 13, 285 (2022), Fig. 1d; color mapping remains open",OPEN_COLOR_TO_GRATING_PERIOD
ding_2022_fig1d_digitized,red_trace,red_trace:406,406,340.0,112.110727,0.60571429,0.011428571428571429,"Nature Communications 13, 285 (2022), Fig. 1d; color mapping remains open",OPEN_COLOR_TO_GRATING_PERIOD
ding_2022_fig1d_digitized,red_trace,red_trace:407,407,344.0,116.262976,0.58285714,0.011428571428571429,"Nature Communications 13, 285 (2022), Fig. 1d; color mapping remains open",OPEN_COLOR_TO_GRATING_PERIOD
ding_2022_fig1d_digitized,red_trace,red_trace:408,408,347.0,120.415225,0.56571429,0.011428571428571429,"Nature Communications 13, 285 (2022), Fig. 1d; color mapping remains open",OPEN_COLOR_TO_GRATING_PERIOD
ding_2022_fig1d_digitized,red_trace,red_trace:409,409,350.5,124.567474,0.54571429,0.011428571428571429,"Nature Communications 13, 285 (2022), Fig. 1d; color mapping remains open",OPEN_COLOR_TO_GRATING_PERIOD
ding_2022_fig1d_digitized,red_trace,red_trace:410,410,353.5,128.719723,0.52857143,0.011428571428571429,"Nature Communications 13, 285 (2022), Fig. 1d; color mapping remains open",OPEN_COLOR_TO_GRATING_PERIOD
ding_2022_fig1d_digitized,red_trace,red_trace:411,411,356.0,132.871972,0.51428571,0.011428571428571429,"Nature Communications 13, 285 (2022), Fig. 1d; color mapping remains open",OPEN_COLOR_TO_GRATING_PERIOD
ding_2022_fig1d_digitized,red_trace,red_trace:412,412,359.5,137.024221,0.49428571,0.011428571428571429,"Nature Communications 13, 285 (2022), Fig. 1d; color mapping remains open",OPEN_COLOR_TO_GRATING_PERIOD
ding_2022_fig1d_digitized,red_trace,red_trace:413,413,363.0,141.176471,0.47428571,0.011428571428571429,"Nature Communications 13, 285 (2022), Fig. 1d; color mapping remains open",OPEN_COLOR_TO_GRATING_PERIOD
ding_2022_fig1d_digitized,red_trace,red_trace:414,414,365.5,145.32872,0.46,0.011428571428571429,"Nature Communications 13, 285 (2022), Fig. 1d; color mapping remains open",OPEN_COLOR_TO_GRATING_PERIOD
ding_2022_fig1d_digitized,red_trace,red_trace:415,415,369.5,149.480969,0.43714286,0.011428571428571429,"Nature Communications 13, 285 (2022), Fig. 1d; color mapping remains open",OPEN_COLOR_TO_GRATING_PERIOD
ding_2022_fig1d_digitized,red_trace,red_trace:416,416,372.5,153.633218,0.42,0.011428571428571429,"Nature Communications 13, 285 (2022), Fig. 1d; color mapping remains open",OPEN_COLOR_TO_GRATING_PERIOD
ding_2022_fig1d_digitized,red_trace,red_trace:417,417,375.5,157.785467,0.40285714,0.011428571428571429,"Nature Communications 13, 285 (2022), Fig. 1d; color mapping remains open",OPEN_COLOR_TO_GRATING_PERIOD
ding_2022_fig1d_digitized,red_trace,red_trace:418,418,378.0,161.937716,0.38857143,0.011428571428571429,"Nature Communications 13, 285 (2022), Fig. 1d; color mapping remains open",OPEN_COLOR_TO_GRATING_PERIOD
ding_2022_fig1d_digitized,red_trace,red_trace:419,419,380.5,166.089965,0.37428571,0.011428571428571429,"Nature Communications 13, 285 (2022), Fig. 1d; color mapping remains open",OPEN_COLOR_TO_GRATING_PERIOD
ding_2022_fig1d_digitized,red_trace,red_trace:420,420,385.0,170.242215,0.34857143,0.011428571428571429,"Nature Communications 13, 285 (2022), Fig. 1d; color mapping remains open",OPEN_COLOR_TO_GRATING_PERIOD
ding_2022_fig1d_digitized,red_trace,red_trace:421,421,388.0,174.394464,0.33142857,0.011428571428571429,"Nature Communications 13, 285 (2022), Fig. 1d; color mapping remains open",OPEN_COLOR_TO_GRATING_PERIOD
ding_2022_fig1d_digitized,red_trace,red_trace:422,422,391.0,178.546713,0.31428571,0.011428571428571429,"Nature Communications 13, 285 (2022), Fig. 1d; color mapping remains open",OPEN_COLOR_TO_GRATING_PERIOD
ding_2022_fig1d_digitized,red_trace,red_trace:423,423,394.0,182.698962,0.29714286,0.011428571428571429,"Nature Communications 13, 285 (2022), Fig. 1d; color mapping remains open",OPEN_COLOR_TO_GRATING_PERIOD
ding_2022_fig1d_digitized,red_trace,red_trace:424,424,397.0,186.851211,0.28,0.011428571428571429,"Nature Communications 13, 285 (2022), Fig. 1d; color mapping remains open",OPEN_COLOR_TO_GRATING_PERIOD
ding_2022_fig1d_digitized,red_trace,red_trace:425,425,401.0,191.00346,0.25714286,0.011428571428571429,"Nature Communications 13, 285 (2022), Fig. 1d; color mapping remains open",OPEN_COLOR_TO_GRATING_PERIOD
ding_2022_fig1d_digitized,red_trace,red_trace:426,426,404.0,195.155709,0.24,0.011428571428571429,"Nature Communications 13, 285 (2022), Fig. 1d; color mapping remains open",OPEN_COLOR_TO_GRATING_PERIOD
ding_2022_fig1d_digitized,red_trace,red_trace:427,427,407.5,199.307958,0.22,0.011428571428571429,"Nature Communications 13, 285 (2022), Fig. 1d; color mapping remains open",OPEN_COLOR_TO_GRATING_PERIOD
ding_2022_fig1d_digitized,red_trace,red_trace:428,428,410.0,203.460208,0.20571429,0.011428571428571429,"Nature Communications 13, 285 (2022), Fig. 1d; color mapping remains open",OPEN_COLOR_TO_GRATING_PERIOD
ding_2022_fig1d_digitized,red_trace,red_trace:429,429,412.0,207.612457,0.19428571,0.011428571428571429,"Nature Communications 13, 285 (2022), Fig. 1d; color mapping remains open",OPEN_COLOR_TO_GRATING_PERIOD
ding_2022_fig1d_digitized,red_trace,red_trace:430,430,415.5,211.764706,0.17428571,0.011428571428571429,"Nature Communications 13, 285 (2022), Fig. 1d; color mapping remains open",OPEN_COLOR_TO_GRATING_PERIOD
ding_2022_fig1d_digitized,red_trace,red_trace:431,431,419.5,215.916955,0.15142857,0.011428571428571429,"Nature Communications 13, 285 (2022), Fig. 1d; color mapping remains open",OPEN_COLOR_TO_GRATING_PERIOD
ding_2022_fig1d_digitized,red_trace,red_trace:432,432,421.5,220.069204,0.14,0.011428571428571429,"Nature Communications 13, 285 (2022), Fig. 1d; color mapping remains open",OPEN_COLOR_TO_GRATING_PERIOD
ding_2022_fig1d_digitized,red_trace,red_trace:433,433,424.5,224.221453,0.12285714,0.011428571428571429,"Nature Communications 13, 285 (2022), Fig. 1d; color mapping remains open",OPEN_COLOR_TO_GRATING_PERIOD
ding_2022_fig1d_digitized,red_trace,red_trace:434,434,426.5,228.373702,0.11142857,0.011428571428571429,"Nature Communications 13, 285 (2022), Fig. 1d; color mapping remains open",OPEN_COLOR_TO_GRATING_PERIOD
ding_2022_fig1d_digitized,red_trace,red_trace:435,435,429.5,232.525952,0.09428571,0.011428571428571429,"Nature Communications 13, 285 (2022), Fig. 1d; color mapping remains open",OPEN_COLOR_TO_GRATING_PERIOD
ding_2022_fig1d_digitized,red_trace,red_trace:436,436,431.5,236.678201,0.08285714,0.011428571428571429,"Nature Communications 13, 285 (2022), Fig. 1d; color mapping remains open",OPEN_COLOR_TO_GRATING_PERIOD
ding_2022_fig1d_digitized,red_trace,red_trace:437,437,433.0,240.83045,0.07428571,0.011428571428571429,"Nature Communications 13, 285 (2022), Fig. 1d; color mapping remains open",OPEN_COLOR_TO_GRATING_PERIOD
ding_2022_fig1d_digitized,red_trace,red_trace:438,438,436.0,244.982699,0.05714286,0.011428571428571429,"Nature Communications 13, 285 (2022), Fig. 1d; color mapping remains open",OPEN_COLOR_TO_GRATING_PERIOD
ding_2022_fig1d_digitized,red_trace,red_trace:439,439,439.0,249.134948,0.04,0.011428571428571429,"Nature Communications 13, 285 (2022), Fig. 1d; color mapping remains open",OPEN_COLOR_TO_GRATING_PERIOD
ding_2022_fig1d_digitized,red_trace,red_trace:440,440,440.0,253.287197,0.03428571,0.011428571428571429,"Nature Communications 13, 285 (2022), Fig. 1d; color mapping remains open",OPEN_COLOR_TO_GRATING_PERIOD
ding_2022_fig1d_digitized,red_trace,red_trace:441,441,443.5,257.439446,0.01428571,0.011428571428571429,"Nature Communications 13, 285 (2022), Fig. 1d; color mapping remains open",OPEN_COLOR_TO_GRATING_PERIOD
ding_2022_fig1d_digitized,red_trace,red_trace:442,442,443.0,261.591696,0.01714286,0.011428571428571429,"Nature Communications 13, 285 (2022), Fig. 1d; color mapping remains open",OPEN_COLOR_TO_GRATING_PERIOD
ding_2022_fig1d_digitized,red_trace,red_trace:443,443,443.5,265.743945,0.01428571,0.011428571428571429,"Nature Communications 13, 285 (2022), Fig. 1d; color mapping remains open",OPEN_COLOR_TO_GRATING_PERIOD
ding_2022_fig1d_digitized,red_trace,red_trace:444,444,447.5,269.896194,-0.00857143,0.011428571428571429,"Nature Communications 13, 285 (2022), Fig. 1d; color mapping remains open",OPEN_COLOR_TO_GRATING_PERIOD
ding_2022_fig1d_digitized,red_trace,red_trace:445,445,447.5,274.048443,-0.00857143,0.011428571428571429,"Nature Communications 13, 285 (2022), Fig. 1d; color mapping remains open",OPEN_COLOR_TO_GRATING_PERIOD
ding_2022_fig1d_digitized,red_trace,red_trace:446,446,450.0,278.200692,-0.02285714,0.011428571428571429,"Nature Communications 13, 285 (2022), Fig. 1d; color mapping remains open",OPEN_COLOR_TO_GRATING_PERIOD
ding_2022_fig1d_digitized,red_trace,red_trace:447,447,450.5,282.352941,-0.02571429,0.011428571428571429,"Nature Communications 13, 285 (2022), Fig. 1d; color mapping remains open",OPEN_COLOR_TO_GRATING_PERIOD
ding_2022_fig1d_digitized,red_trace,red_trace:448,448,451.5,286.50519,-0.03142857,0.011428571428571429,"Nature Communications 13, 285 (2022), Fig. 1d; color mapping remains open",OPEN_COLOR_TO_GRATING_PERIOD
ding_2022_fig1d_digitized,red_trace,red_trace:449,449,453.5,290.657439,-0.04285714,0.011428571428571429,"Nature Communications 13, 285 (2022), Fig. 1d; color mapping remains open",OPEN_COLOR_TO_GRATING_PERIOD
ding_2022_fig1d_digitized,red_trace,red_trace:450,450,455.0,294.809689,-0.05142857,0.011428571428571429,"Nature Communications 13, 285 (2022), Fig. 1d; color mapping remains open",OPEN_COLOR_TO_GRATING_PERIOD
ding_2022_fig1d_digitized,red_trace,red_trace:451,451,457.0,298.961938,-0.06285714,0.011428571428571429,"Nature Communications 13, 285 (2022), Fig. 1d; color mapping remains open",OPEN_COLOR_TO_GRATING_PERIOD
ding_2022_fig1d_digitized,red_trace,red_trace:452,452,457.5,303.114187,-0.06571429,0.011428571428571429,"Nature Communications 13, 285 (2022), Fig. 1d; color mapping remains open",OPEN_COLOR_TO_GRATING_PERIOD
ding_2022_fig1d_digitized,red_trace,red_trace:453,453,458.0,307.266436,-0.06857143,0.011428571428571429,"Nature Communications 13, 285 (2022), Fig. 1d; color mapping remains open",OPEN_COLOR_TO_GRATING_PERIOD
ding_2022_fig1d_digitized,red_trace,red_trace:454,454,460.5,311.418685,-0.08285714,0.011428571428571429,"Nature Communications 13, 285 (2022), Fig. 1d; color mapping remains open",OPEN_COLOR_TO_GRATING_PERIOD
ding_2022_fig1d_digitized,red_trace,red_trace:455,455,465.0,315.570934,-0.10857143,0.011428571428571429,"Nature Communications 13, 285 (2022), Fig. 1d; color mapping remains open",OPEN_COLOR_TO_GRATING_PERIOD
ding_2022_fig1d_digitized,red_trace,red_trace:456,456,463.0,319.723183,-0.09714286,0.011428571428571429,"Nature Communications 13, 285 (2022), Fig. 1d; color mapping remains open",OPEN_COLOR_TO_GRATING_PERIOD
ding_2022_fig1d_digitized,red_trace,red_trace:457,457,463.5,323.875433,-0.1,0.011428571428571429,"Nature Communications 13, 285 (2022), Fig. 1d; color mapping remains open",OPEN_COLOR_TO_GRATING_PERIOD
ding_2022_fig1d_digitized,red_trace,red_trace:458,458,464.0,328.027682,-0.10285714,0.011428571428571429,"Nature Communications 13, 285 (2022), Fig. 1d; color mapping remains open",OPEN_COLOR_TO_GRATING_PERIOD
ding_2022_fig1d_digitized,red_trace,red_trace:459,459,466.0,332.179931,-0.11428571,0.011428571428571429,"Nature Communications 13, 285 (2022), Fig. 1d; color mapping remains open",OPEN_COLOR_TO_GRATING_PERIOD
ding_2022_fig1d_digitized,red_trace,red_trace:460,460,466.5,336.33218,-0.11714286,0.011428571428571429,"Nature Communications 13, 285 (2022), Fig. 1d; color mapping remains open",OPEN_COLOR_TO_GRATING_PERIOD
ding_2022_fig1d_digitized,red_trace,red_trace:461,461,467.5,340.484429,-0.12285714,0.011428571428571429,"Nature Communications 13, 285 (2022), Fig. 1d; color mapping remains open",OPEN_COLOR_TO_GRATING_PERIOD
ding_2022_fig1d_digitized,red_trace,red_trace:462,462,468.5,344.636678,-0.12857143,0.011428571428571429,"Nature Communications 13, 285 (2022), Fig. 1d; color mapping remains open",OPEN_COLOR_TO_GRATING_PERIOD
ding_2022_fig1d_digitized,red_trace,red_trace:463,463,470.0,348.788927,-0.13714286,0.011428571428571429,"Nature Communications 13, 285 (2022), Fig. 1d; color mapping remains open",OPEN_COLOR_TO_GRATING_PERIOD
ding_2022_fig1d_digitized,red_trace,red_trace:464,464,470.0,352.941176,-0.13714286,0.011428571428571429,"Nature Communications 13, 285 (2022), Fig. 1d; color mapping remains open",OPEN_COLOR_TO_GRATING_PERIOD
ding_2022_fig1d_digitized,red_trace,red_trace:465,465,470.5,357.093426,-0.14,0.011428571428571429,"Nature Communications 13, 285 (2022), Fig. 1d; color mapping remains open",OPEN_COLOR_TO_GRATING_PERIOD
ding_2022_fig1d_digitized,red_trace,red_trace:466,466,471.0,361.245675,-0.14285714,0.011428571428571429,"Nature Communications 13, 285 (2022), Fig. 1d; color mapping remains open",OPEN_COLOR_TO_GRATING_PERIOD
ding_2022_fig1d_digitized,red_trace,red_trace:467,467,471.0,365.397924,-0.14285714,0.011428571428571429,"Nature Communications 13, 285 (2022), Fig. 1d; color mapping remains open",OPEN_COLOR_TO_GRATING_PERIOD
ding_2022_fig1d_digitized,red_trace,red_trace:545,545,322.0,689.273356,0.70857143,0.011428571428571429,"Nature Communications 13, 285 (2022), Fig. 1d; color mapping remains open",OPEN_COLOR_TO_GRATING_PERIOD
ding_2022_fig1d_digitized,red_trace,red_trace:546,546,322.0,693.425606,0.70857143,0.011428571428571429,"Nature Communications 13, 285 (2022), Fig. 1d; color mapping remains open",OPEN_COLOR_TO_GRATING_PERIOD
ding_2022_fig1d_digitized,red_trace,red_trace:547,547,322.0,697.577855,0.70857143,0.011428571428571429,"Nature Communications 13, 285 (2022), Fig. 1d; color mapping remains open",OPEN_COLOR_TO_GRATING_PERIOD
ding_2022_fig1d_digitized,red_trace,red_trace:563,563,322.0,764.013841,0.70857143,0.011428571428571429,"Nature Communications 13, 285 (2022), Fig. 1d; color mapping remains open",OPEN_COLOR_TO_GRATING_PERIOD
ding_2022_fig1d_digitized,red_trace,red_trace:564,564,322.0,768.16609,0.70857143,0.011428571428571429,"Nature Communications 13, 285 (2022), Fig. 1d; color mapping remains open",OPEN_COLOR_TO_GRATING_PERIOD
ding_2022_fig1d_digitized,red_trace,red_trace:565,565,322.0,772.318339,0.70857143,0.011428571428571429,"Nature Communications 13, 285 (2022), Fig. 1d; color mapping remains open",OPEN_COLOR_TO_GRATING_PERIOD
ding_2022_fig1d_digitized,red_trace,red_trace:566,566,322.0,776.470588,0.70857143,0.011428571428571429,"Nature Communications 13, 285 (2022), Fig. 1d; color mapping remains open",OPEN_COLOR_TO_GRATING_PERIOD
ding_2022_fig1d_digitized,red_trace,red_trace:578,578,322.0,826.297578,0.70857143,0.011428571428571429,"Nature Communications 13, 285 (2022), Fig. 1d; color mapping remains open",OPEN_COLOR_TO_GRATING_PERIOD
ding_2022_fig1d_digitized,red_trace,red_trace:579,579,322.0,830.449827,0.70857143,0.011428571428571429,"Nature Communications 13, 285 (2022), Fig. 1d; color mapping remains open",OPEN_COLOR_TO_GRATING_PERIOD
ding_2022_fig1d_digitized,red_trace,red_trace:580,580,322.0,834.602076,0.70857143,0.011428571428571429,"Nature Communications 13, 285 (2022), Fig. 1d; color mapping remains open",OPEN_COLOR_TO_GRATING_PERIOD
ding_2022_fig1d_digitized,red_trace,red_trace:581,581,322.0,838.754325,0.70857143,0.011428571428571429,"Nature Communications 13, 285 (2022), Fig. 1d; color mapping remains open",OPEN_COLOR_TO_GRATING_PERIOD
ding_2022_fig1d_digitized,red_trace,red_trace:582,582,322.0,842.906574,0.70857143,0.011428571428571429,"Nature Communications 13, 285 (2022), Fig. 1d; color mapping remains open",OPEN_COLOR_TO_GRATING_PERIOD
ding_2022_fig1d_digitized,red_trace,red_trace:583,583,322.0,847.058824,0.70857143,0.011428571428571429,"Nature Communications 13, 285 (2022), Fig. 1d; color mapping remains open",OPEN_COLOR_TO_GRATING_PERIOD
ding_2022_fig1d_digitized,red_trace,red_trace:584,584,322.0,851.211073,0.70857143,0.011428571428571429,"Nature Communications 13, 285 (2022), Fig. 1d; color mapping remains open",OPEN_COLOR_TO_GRATING_PERIOD
ding_2022_fig1d_digitized,red_trace,red_trace:585,585,322.0,855.363322,0.70857143,0.011428571428571429,"Nature Communications 13, 285 (2022), Fig. 1d; color mapping remains open",OPEN_COLOR_TO_GRATING_PERIOD
ding_2022_fig1d_digitized,red_trace,red_trace:586,586,322.0,859.515571,0.70857143,0.011428571428571429,"Nature Communications 13, 285 (2022), Fig. 1d; color mapping remains open",OPEN_COLOR_TO_GRATING_PERIOD
ding_2022_fig1d_digitized,red_trace,red_trace:587,587,322.0,863.66782,0.70857143,0.011428571428571429,"Nature Communications 13, 285 (2022), Fig. 1d; color mapping remains open",OPEN_COLOR_TO_GRATING_PERIOD
ding_2022_fig1d_digitized,red_trace,red_trace:588,588,322.0,867.820069,0.70857143,0.011428571428571429,"Nature Communications 13, 285 (2022), Fig. 1d; color mapping remains open",OPEN_COLOR_TO_GRATING_PERIOD
ding_2022_fig1d_digitized,red_trace,red_trace:589,589,322.0,871.972318,0.70857143,0.011428571428571429,"Nature Communications 13, 285 (2022), Fig. 1d; color mapping remains open",OPEN_COLOR_TO_GRATING_PERIOD
ding_2022_fig1d_digitized,red_trace,red_trace:590,590,322.0,876.124567,0.70857143,0.011428571428571429,"Nature Communications 13, 285 (2022), Fig. 1d; color mapping remains open",OPEN_COLOR_TO_GRATING_PERIOD
ding_2022_fig1d_digitized,red_trace,red_trace:591,591,322.0,880.276817,0.70857143,0.011428571428571429,"Nature Communications 13, 285 (2022), Fig. 1d; color mapping remains open",OPEN_COLOR_TO_GRATING_PERIOD
ding_2022_fig1d_digitized,red_trace,red_trace:592,592,322.0,884.429066,0.70857143,0.011428571428571429,"Nature Communications 13, 285 (2022), Fig. 1d; color mapping remains open",OPEN_COLOR_TO_GRATING_PERIOD
ding_2022_fig1d_digitized,red_trace,red_trace:593,593,322.0,888.581315,0.70857143,0.011428571428571429,"Nature Communications 13, 285 (2022), Fig. 1d; color mapping remains open",OPEN_COLOR_TO_GRATING_PERIOD
ding_2022_fig1d_digitized,red_trace,red_trace:594,594,322.0,892.733564,0.70857143,0.011428571428571429,"Nature Communications 13, 285 (2022), Fig. 1d; color mapping remains open",OPEN_COLOR_TO_GRATING_PERIOD
ding_2022_fig1d_digitized,red_trace,red_trace:595,595,322.0,896.885813,0.70857143,0.011428571428571429,"Nature Communications 13, 285 (2022), Fig. 1d; color mapping remains open",OPEN_COLOR_TO_GRATING_PERIOD
ding_2022_fig1d_digitized,red_trace,red_trace:596,596,322.0,901.038062,0.70857143,0.011428571428571429,"Nature Communications 13, 285 (2022), Fig. 1d; color mapping remains open",OPEN_COLOR_TO_GRATING_PERIOD
ding_2022_fig1d_digitized,red_trace,red_trace:597,597,322.0,905.190311,0.70857143,0.011428571428571429,"Nature Communications 13, 285 (2022), Fig. 1d; color mapping remains open",OPEN_COLOR_TO_GRATING_PERIOD
ding_2022_fig1d_digitized,green_trace,green_trace:391,391,291.5,49.82699,0.88285714,0.011428571428571429,"Nature Communications 13, 285 (2022), Fig. 1d; color mapping remains open",OPEN_COLOR_TO_GRATING_PERIOD
ding_2022_fig1d_digitized,green_trace,green_trace:392,392,296.0,53.979239,0.85714286,0.011428571428571429,"Nature Communications 13, 285 (2022), Fig. 1d; color mapping remains open",OPEN_COLOR_TO_GRATING_PERIOD
ding_2022_fig1d_digitized,green_trace,green_trace:393,393,295.5,58.131488,0.86,0.011428571428571429,"Nature Communications 13, 285 (2022), Fig. 1d; color mapping remains open",OPEN_COLOR_TO_GRATING_PERIOD
ding_2022_fig1d_digitized,green_trace,green_trace:394,394,297.5,62.283737,0.84857143,0.011428571428571429,"Nature Communications 13, 285 (2022), Fig. 1d; color mapping remains open",OPEN_COLOR_TO_GRATING_PERIOD
ding_2022_fig1d_digitized,green_trace,green_trace:395,395,300.0,66.435986,0.83428571,0.011428571428571429,"Nature Communications 13, 285 (2022), Fig. 1d; color mapping remains open",OPEN_COLOR_TO_GRATING_PERIOD
ding_2022_fig1d_digitized,green_trace,green_trace:396,396,301.5,70.588235,0.82571429,0.011428571428571429,"Nature Communications 13, 285 (2022), Fig. 1d; color mapping remains open",OPEN_COLOR_TO_GRATING_PERIOD
ding_2022_fig1d_digitized,green_trace,green_trace:397,397,304.0,74.740484,0.81142857,0.011428571428571429,"Nature Communications 13, 285 (2022), Fig. 1d; color mapping remains open",OPEN_COLOR_TO_GRATING_PERIOD
ding_2022_fig1d_digitized,green_trace,green_trace:398,398,305.0,78.892734,0.80571429,0.011428571428571429,"Nature Communications 13, 285 (2022), Fig. 1d; color mapping remains open",OPEN_COLOR_TO_GRATING_PERIOD
ding_2022_fig1d_digitized,green_trace,green_trace:399,399,307.0,83.044983,0.79428571,0.011428571428571429,"Nature Communications 13, 285 (2022), Fig. 1d; color mapping remains open",OPEN_COLOR_TO_GRATING_PERIOD
ding_2022_fig1d_digitized,green_trace,green_trace:400,400,309.0,87.197232,0.78285714,0.011428571428571429,"Nature Communications 13, 285 (2022), Fig. 1d; color mapping remains open",OPEN_COLOR_TO_GRATING_PERIOD
ding_2022_fig1d_digitized,green_trace,green_trace:401,401,312.0,91.349481,0.76571429,0.011428571428571429,"Nature Communications 13, 285 (2022), Fig. 1d; color mapping remains open",OPEN_COLOR_TO_GRATING_PERIOD
ding_2022_fig1d_digitized,green_trace,green_trace:402,402,315.5,95.50173,0.74571429,0.011428571428571429,"Nature Communications 13, 285 (2022), Fig. 1d; color mapping remains open",OPEN_COLOR_TO_GRATING_PERIOD
ding_2022_fig1d_digitized,green_trace,green_trace:403,403,318.0,99.653979,0.73142857,0.011428571428571429,"Nature Communications 13, 285 (2022), Fig. 1d; color mapping remains open",OPEN_COLOR_TO_GRATING_PERIOD
ding_2022_fig1d_digitized,green_trace,green_trace:404,404,320.5,103.806228,0.71714286,0.011428571428571429,"Nature Communications 13, 285 (2022), Fig. 1d; color mapping remains open",OPEN_COLOR_TO_GRATING_PERIOD
ding_2022_fig1d_digitized,green_trace,green_trace:405,405,320.0,107.958478,0.72,0.011428571428571429,"Nature Communications 13, 285 (2022), Fig. 1d; color mapping remains open",OPEN_COLOR_TO_GRATING_PERIOD
ding_2022_fig1d_digitized,green_trace,green_trace:406,406,322.0,112.110727,0.70857143,0.011428571428571429,"Nature Communications 13, 285 (2022), Fig. 1d; color mapping remains open",OPEN_COLOR_TO_GRATING_PERIOD
ding_2022_fig1d_digitized,green_trace,green_trace:407,407,323.5,116.262976,0.7,0.011428571428571429,"Nature Communications 13, 285 (2022), Fig. 1d; color mapping remains open",OPEN_COLOR_TO_GRATING_PERIOD
ding_2022_fig1d_digitized,green_trace,green_trace:408,408,326.5,120.415225,0.68285714,0.011428571428571429,"Nature Communications 13, 285 (2022), Fig. 1d; color mapping remains open",OPEN_COLOR_TO_GRATING_PERIOD
ding_2022_fig1d_digitized,green_trace,green_trace:409,409,330.0,124.567474,0.66285714,0.011428571428571429,"Nature Communications 13, 285 (2022), Fig. 1d; color mapping remains open",OPEN_COLOR_TO_GRATING_PERIOD
ding_2022_fig1d_digitized,green_trace,green_trace:410,410,330.0,128.719723,0.66285714,0.011428571428571429,"Nature Communications 13, 285 (2022), Fig. 1d; color mapping remains open",OPEN_COLOR_TO_GRATING_PERIOD
ding_2022_fig1d_digitized,green_trace,green_trace:411,411,333.0,132.871972,0.64571429,0.011428571428571429,"Nature Communications 13, 285 (2022), Fig. 1d; color mapping remains open",OPEN_COLOR_TO_GRATING_PERIOD
ding_2022_fig1d_digitized,green_trace,green_trace:412,412,335.0,137.024221,0.63428571,0.011428571428571429,"Nature Communications 13, 285 (2022), Fig. 1d; color mapping remains open",OPEN_COLOR_TO_GRATING_PERIOD
ding_2022_fig1d_digitized,green_trace,green_trace:413,413,337.0,141.176471,0.62285714,0.011428571428571429,"Nature Communications 13, 285 (2022), Fig. 1d; color mapping remains open",OPEN_COLOR_TO_GRATING_PERIOD
ding_2022_fig1d_digitized,green_trace,green_trace:414,414,339.5,145.32872,0.60857143,0.011428571428571429,"Nature Communications 13, 285 (2022), Fig. 1d; color mapping remains open",OPEN_COLOR_TO_GRATING_PERIOD
ding_2022_fig1d_digitized,green_trace,green_trace:415,415,342.0,149.480969,0.59428571,0.011428571428571429,"Nature Communications 13, 285 (2022), Fig. 1d; color mapping remains open",OPEN_COLOR_TO_GRATING_PERIOD
ding_2022_fig1d_digitized,green_trace,green_trace:416,416,342.5,153.633218,0.59142857,0.011428571428571429,"Nature Communications 13, 285 (2022), Fig. 1d; color mapping remains open",OPEN_COLOR_TO_GRATING_PERIOD
ding_2022_fig1d_digitized,green_trace,green_trace:417,417,345.5,157.785467,0.57428571,0.011428571428571429,"Nature Communications 13, 285 (2022), Fig. 1d; color mapping remains open",OPEN_COLOR_TO_GRATING_PERIOD
ding_2022_fig1d_digitized,green_trace,green_trace:418,418,346.5,161.937716,0.56857143,0.011428571428571429,"Nature Communications 13, 285 (2022), Fig. 1d; color mapping remains open",OPEN_COLOR_TO_GRATING_PERIOD
ding_2022_fig1d_digitized,green_trace,green_trace:419,419,348.5,166.089965,0.55714286,0.011428571428571429,"Nature Communications 13, 285 (2022), Fig. 1d; color mapping remains open",OPEN_COLOR_TO_GRATING_PERIOD
ding_2022_fig1d_digitized,green_trace,green_trace:420,420,352.5,170.242215,0.53428571,0.011428571428571429,"Nature Communications 13, 285 (2022), Fig. 1d; color mapping remains open",OPEN_COLOR_TO_GRATING_PERIOD
ding_2022_fig1d_digitized,green_trace,green_trace:421,421,354.0,174.394464,0.52571429,0.011428571428571429,"Nature Communications 13, 285 (2022), Fig. 1d; color mapping remains open",OPEN_COLOR_TO_GRATING_PERIOD
ding_2022_fig1d_digitized,green_trace,green_trace:422,422,355.5,178.546713,0.51714286,0.011428571428571429,"Nature Communications 13, 285 (2022), Fig. 1d; color mapping remains open",OPEN_COLOR_TO_GRATING_PERIOD
ding_2022_fig1d_digitized,green_trace,green_trace:423,423,358.0,182.698962,0.50285714,0.011428571428571429,"Nature Communications 13, 285 (2022), Fig. 1d; color mapping remains open",OPEN_COLOR_TO_GRATING_PERIOD
ding_2022_fig1d_digitized,green_trace,green_trace:424,424,361.0,186.851211,0.48571429,0.011428571428571429,"Nature Communications 13, 285 (2022), Fig. 1d; color mapping remains open",OPEN_COLOR_TO_GRATING_PERIOD
ding_2022_fig1d_digitized,green_trace,green_trace:425,425,363.5,191.00346,0.47142857,0.011428571428571429,"Nature Communications 13, 285 (2022), Fig. 1d; color mapping remains open",OPEN_COLOR_TO_GRATING_PERIOD
ding_2022_fig1d_digitized,green_trace,green_trace:426,426,365.0,195.155709,0.46285714,0.011428571428571429,"Nature Communications 13, 285 (2022), Fig. 1d; color mapping remains open",OPEN_COLOR_TO_GRATING_PERIOD
ding_2022_fig1d_digitized,green_trace,green_trace:427,427,368.0,199.307958,0.44571429,0.011428571428571429,"Nature Communications 13, 285 (2022), Fig. 1d; color mapping remains open",OPEN_COLOR_TO_GRATING_PERIOD
ding_2022_fig1d_digitized,green_trace,green_trace:428,428,369.0,203.460208,0.44,0.011428571428571429,"Nature Communications 13, 285 (2022), Fig. 1d; color mapping remains open",OPEN_COLOR_TO_GRATING_PERIOD
ding_2022_fig1d_digitized,green_trace,green_trace:429,429,371.0,207.612457,0.42857143,0.011428571428571429,"Nature Communications 13, 285 (2022), Fig. 1d; color mapping remains open",OPEN_COLOR_TO_GRATING_PERIOD
ding_2022_fig1d_digitized,green_trace,green_trace:430,430,374.0,211.764706,0.41142857,0.011428571428571429,"Nature Communications 13, 285 (2022), Fig. 1d; color mapping remains open",OPEN_COLOR_TO_GRATING_PERIOD
ding_2022_fig1d_digitized,green_trace,green_trace:431,431,375.5,215.916955,0.40285714,0.011428571428571429,"Nature Communications 13, 285 (2022), Fig. 1d; color mapping remains open",OPEN_COLOR_TO_GRATING_PERIOD
ding_2022_fig1d_digitized,green_trace,green_trace:432,432,378.5,220.069204,0.38571429,0.011428571428571429,"Nature Communications 13, 285 (2022), Fig. 1d; color mapping remains open",OPEN_COLOR_TO_GRATING_PERIOD
ding_2022_fig1d_digitized,green_trace,green_trace:433,433,380.5,224.221453,0.37428571,0.011428571428571429,"Nature Communications 13, 285 (2022), Fig. 1d; color mapping remains open",OPEN_COLOR_TO_GRATING_PERIOD
ding_2022_fig1d_digitized,green_trace,green_trace:434,434,383.5,228.373702,0.35714286,0.011428571428571429,"Nature Communications 13, 285 (2022), Fig. 1d; color mapping remains open",OPEN_COLOR_TO_GRATING_PERIOD
ding_2022_fig1d_digitized,green_trace,green_trace:435,435,385.5,232.525952,0.34571429,0.011428571428571429,"Nature Communications 13, 285 (2022), Fig. 1d; color mapping remains open",OPEN_COLOR_TO_GRATING_PERIOD
ding_2022_fig1d_digitized,green_trace,green_trace:436,436,387.0,236.678201,0.33714286,0.011428571428571429,"Nature Communications 13, 285 (2022), Fig. 1d; color mapping remains open",OPEN_COLOR_TO_GRATING_PERIOD
ding_2022_fig1d_digitized,green_trace,green_trace:437,437,390.0,240.83045,0.32,0.011428571428571429,"Nature Communications 13, 285 (2022), Fig. 1d; color mapping remains open",OPEN_COLOR_TO_GRATING_PERIOD
ding_2022_fig1d_digitized,green_trace,green_trace:438,438,391.5,244.982699,0.31142857,0.011428571428571429,"Nature Communications 13, 285 (2022), Fig. 1d; color mapping remains open",OPEN_COLOR_TO_GRATING_PERIOD
ding_2022_fig1d_digitized,green_trace,green_trace:439,439,392.0,249.134948,0.30857143,0.011428571428571429,"Nature Communications 13, 285 (2022), Fig. 1d; color mapping remains open",OPEN_COLOR_TO_GRATING_PERIOD
ding_2022_fig1d_digitized,green_trace,green_trace:440,440,396.0,253.287197,0.28571429,0.011428571428571429,"Nature Communications 13, 285 (2022), Fig. 1d; color mapping remains open",OPEN_COLOR_TO_GRATING_PERIOD
ding_2022_fig1d_digitized,green_trace,green_trace:441,441,398.5,257.439446,0.27142857,0.011428571428571429,"Nature Communications 13, 285 (2022), Fig. 1d; color mapping remains open",OPEN_COLOR_TO_GRATING_PERIOD
ding_2022_fig1d_digitized,green_trace,green_trace:442,442,400.5,261.591696,0.26,0.011428571428571429,"Nature Communications 13, 285 (2022), Fig. 1d; color mapping remains open",OPEN_COLOR_TO_GRATING_PERIOD
ding_2022_fig1d_digitized,green_trace,green_trace:443,443,402.0,265.743945,0.25142857,0.011428571428571429,"Nature Communications 13, 285 (2022), Fig. 1d; color mapping remains open",OPEN_COLOR_TO_GRATING_PERIOD
ding_2022_fig1d_digitized,green_trace,green_trace:444,444,404.5,269.896194,0.23714286,0.011428571428571429,"Nature Communications 13, 285 (2022), Fig. 1d; color mapping remains open",OPEN_COLOR_TO_GRATING_PERIOD
ding_2022_fig1d_digitized,green_trace,green_trace:445,445,407.0,274.048443,0.22285714,0.011428571428571429,"Nature Communications 13, 285 (2022), Fig. 1d; color mapping remains open",OPEN_COLOR_TO_GRATING_PERIOD
ding_2022_fig1d_digitized,green_trace,green_trace:446,446,409.5,278.200692,0.20857143,0.011428571428571429,"Nature Communications 13, 285 (2022), Fig. 1d; color mapping remains open",OPEN_COLOR_TO_GRATING_PERIOD
ding_2022_fig1d_digitized,green_trace,green_trace:447,447,411.5,282.352941,0.19714286,0.011428571428571429,"Nature Communications 13, 285 (2022), Fig. 1d; color mapping remains open",OPEN_COLOR_TO_GRATING_PERIOD
ding_2022_fig1d_digitized,green_trace,green_trace:448,448,412.5,286.50519,0.19142857,0.011428571428571429,"Nature Communications 13, 285 (2022), Fig. 1d; color mapping remains open",OPEN_COLOR_TO_GRATING_PERIOD
ding_2022_fig1d_digitized,green_trace,green_trace:449,449,414.5,290.657439,0.18,0.011428571428571429,"Nature Communications 13, 285 (2022), Fig. 1d; color mapping remains open",OPEN_COLOR_TO_GRATING_PERIOD
ding_2022_fig1d_digitized,green_trace,green_trace:450,450,415.0,294.809689,0.17714286,0.011428571428571429,"Nature Communications 13, 285 (2022), Fig. 1d; color mapping remains open",OPEN_COLOR_TO_GRATING_PERIOD
ding_2022_fig1d_digitized,green_trace,green_trace:451,451,416.0,298.961938,0.17142857,0.011428571428571429,"Nature Communications 13, 285 (2022), Fig. 1d; color mapping remains open",OPEN_COLOR_TO_GRATING_PERIOD
ding_2022_fig1d_digitized,green_trace,green_trace:452,452,418.5,303.114187,0.15714286,0.011428571428571429,"Nature Communications 13, 285 (2022), Fig. 1d; color mapping remains open",OPEN_COLOR_TO_GRATING_PERIOD
ding_2022_fig1d_digitized,green_trace,green_trace:453,453,419.5,307.266436,0.15142857,0.011428571428571429,"Nature Communications 13, 285 (2022), Fig. 1d; color mapping remains open",OPEN_COLOR_TO_GRATING_PERIOD
ding_2022_fig1d_digitized,green_trace,green_trace:454,454,421.5,311.418685,0.14,0.011428571428571429,"Nature Communications 13, 285 (2022), Fig. 1d; color mapping remains open",OPEN_COLOR_TO_GRATING_PERIOD
ding_2022_fig1d_digitized,green_trace,green_trace:455,455,423.5,315.570934,0.12857143,0.011428571428571429,"Nature Communications 13, 285 (2022), Fig. 1d; color mapping remains open",OPEN_COLOR_TO_GRATING_PERIOD
ding_2022_fig1d_digitized,green_trace,green_trace:456,456,425.5,319.723183,0.11714286,0.011428571428571429,"Nature Communications 13, 285 (2022), Fig. 1d; color mapping remains open",OPEN_COLOR_TO_GRATING_PERIOD
ding_2022_fig1d_digitized,green_trace,green_trace:457,457,426.5,323.875433,0.11142857,0.011428571428571429,"Nature Communications 13, 285 (2022), Fig. 1d; color mapping remains open",OPEN_COLOR_TO_GRATING_PERIOD
ding_2022_fig1d_digitized,green_trace,green_trace:458,458,429.0,328.027682,0.09714286,0.011428571428571429,"Nature Communications 13, 285 (2022), Fig. 1d; color mapping remains open",OPEN_COLOR_TO_GRATING_PERIOD
ding_2022_fig1d_digitized,green_trace,green_trace:459,459,431.0,332.179931,0.08571429,0.011428571428571429,"Nature Communications 13, 285 (2022), Fig. 1d; color mapping remains open",OPEN_COLOR_TO_GRATING_PERIOD
ding_2022_fig1d_digitized,green_trace,green_trace:460,460,432.5,336.33218,0.07714286,0.011428571428571429,"Nature Communications 13, 285 (2022), Fig. 1d; color mapping remains open",OPEN_COLOR_TO_GRATING_PERIOD
ding_2022_fig1d_digitized,green_trace,green_trace:461,461,434.0,340.484429,0.06857143,0.011428571428571429,"Nature Communications 13, 285 (2022), Fig. 1d; color mapping remains open",OPEN_COLOR_TO_GRATING_PERIOD
ding_2022_fig1d_digitized,green_trace,green_trace:462,462,434.5,344.636678,0.06571429,0.011428571428571429,"Nature Communications 13, 285 (2022), Fig. 1d; color mapping remains open",OPEN_COLOR_TO_GRATING_PERIOD
ding_2022_fig1d_digitized,green_trace,green_trace:463,463,435.0,348.788927,0.06285714,0.011428571428571429,"Nature Communications 13, 285 (2022), Fig. 1d; color mapping remains open",OPEN_COLOR_TO_GRATING_PERIOD
ding_2022_fig1d_digitized,green_trace,green_trace:464,464,436.5,352.941176,0.05428571,0.011428571428571429,"Nature Communications 13, 285 (2022), Fig. 1d; color mapping remains open",OPEN_COLOR_TO_GRATING_PERIOD
ding_2022_fig1d_digitized,green_trace,green_trace:465,465,436.5,357.093426,0.05428571,0.011428571428571429,"Nature Communications 13, 285 (2022), Fig. 1d; color mapping remains open",OPEN_COLOR_TO_GRATING_PERIOD
ding_2022_fig1d_digitized,green_trace,green_trace:466,466,438.0,361.245675,0.04571429,0.011428571428571429,"Nature Communications 13, 285 (2022), Fig. 1d; color mapping remains open",OPEN_COLOR_TO_GRATING_PERIOD
ding_2022_fig1d_digitized,green_trace,green_trace:467,467,439.5,365.397924,0.03714286,0.011428571428571429,"Nature Communications 13, 285 (2022), Fig. 1d; color mapping remains open",OPEN_COLOR_TO_GRATING_PERIOD
ding_2022_fig1d_digitized,green_trace,green_trace:468,468,441.0,369.550173,0.02857143,0.011428571428571429,"Nature Communications 13, 285 (2022), Fig. 1d; color mapping remains open",OPEN_COLOR_TO_GRATING_PERIOD
ding_2022_fig1d_digitized,green_trace,green_trace:469,469,442.0,373.702422,0.02285714,0.011428571428571429,"Nature Communications 13, 285 (2022), Fig. 1d; color mapping remains open",OPEN_COLOR_TO_GRATING_PERIOD
ding_2022_fig1d_digitized,green_trace,green_trace:470,470,442.5,377.854671,0.02,0.011428571428571429,"Nature Communications 13, 285 (2022), Fig. 1d; color mapping remains open",OPEN_COLOR_TO_GRATING_PERIOD
ding_2022_fig1d_digitized,green_trace,green_trace:471,471,442.0,382.00692,0.02285714,0.011428571428571429,"Nature Communications 13, 285 (2022), Fig. 1d; color mapping remains open",OPEN_COLOR_TO_GRATING_PERIOD
ding_2022_fig1d_digitized,green_trace,green_trace:472,472,442.5,386.15917,0.02,0.011428571428571429,"Nature Communications 13, 285 (2022), Fig. 1d; color mapping remains open",OPEN_COLOR_TO_GRATING_PERIOD
ding_2022_fig1d_digitized,green_trace,green_trace:473,473,447.0,390.311419,-0.00571429,0.011428571428571429,"Nature Communications 13, 285 (2022), Fig. 1d; color mapping remains open",OPEN_COLOR_TO_GRATING_PERIOD
ding_2022_fig1d_digitized,green_trace,green_trace:474,474,447.5,394.463668,-0.00857143,0.011428571428571429,"Nature Communications 13, 285 (2022), Fig. 1d; color mapping remains open",OPEN_COLOR_TO_GRATING_PERIOD
ding_2022_fig1d_digitized,green_trace,green_trace:475,475,450.0,398.615917,-0.02285714,0.011428571428571429,"Nature Communications 13, 285 (2022), Fig. 1d; color mapping remains open",OPEN_COLOR_TO_GRATING_PERIOD
ding_2022_fig1d_digitized,green_trace,green_trace:476,476,450.0,402.768166,-0.02285714,0.011428571428571429,"Nature Communications 13, 285 (2022), Fig. 1d; color mapping remains open",OPEN_COLOR_TO_GRATING_PERIOD
ding_2022_fig1d_digitized,green_trace,green_trace:477,477,451.5,406.920415,-0.03142857,0.011428571428571429,"Nature Communications 13, 285 (2022), Fig. 1d; color mapping remains open",OPEN_COLOR_TO_GRATING_PERIOD
ding_2022_fig1d_digitized,green_trace,green_trace:478,478,452.0,411.072664,-0.03428571,0.011428571428571429,"Nature Communications 13, 285 (2022), Fig. 1d; color mapping remains open",OPEN_COLOR_TO_GRATING_PERIOD
ding_2022_fig1d_digitized,green_trace,green_trace:479,479,451.0,415.224913,-0.02857143,0.011428571428571429,"Nature Communications 13, 285 (2022), Fig. 1d; color mapping remains open",OPEN_COLOR_TO_GRATING_PERIOD
ding_2022_fig1d_digitized,green_trace,green_trace:480,480,454.0,419.377163,-0.04571429,0.011428571428571429,"Nature Communications 13, 285 (2022), Fig. 1d; color mapping remains open",OPEN_COLOR_TO_GRATING_PERIOD
ding_2022_fig1d_digitized,green_trace,green_trace:481,481,455.5,423.529412,-0.05428571,0.011428571428571429,"Nature Communications 13, 285 (2022), Fig. 1d; color mapping remains open",OPEN_COLOR_TO_GRATING_PERIOD
ding_2022_fig1d_digitized,green_trace,green_trace:482,482,456.5,427.681661,-0.06,0.011428571428571429,"Nature Communications 13, 285 (2022), Fig. 1d; color mapping remains open",OPEN_COLOR_TO_GRATING_PERIOD
ding_2022_fig1d_digitized,green_trace,green_trace:483,483,457.0,431.83391,-0.06285714,0.011428571428571429,"Nature Communications 13, 285 (2022), Fig. 1d; color mapping remains open",OPEN_COLOR_TO_GRATING_PERIOD
ding_2022_fig1d_digitized,green_trace,green_trace:484,484,457.0,435.986159,-0.06285714,0.011428571428571429,"Nature Communications 13, 285 (2022), Fig. 1d; color mapping remains open",OPEN_COLOR_TO_GRATING_PERIOD
ding_2022_fig1d_digitized,green_trace,green_trace:485,485,457.0,440.138408,-0.06285714,0.011428571428571429,"Nature Communications 13, 285 (2022), Fig. 1d; color mapping remains open",OPEN_COLOR_TO_GRATING_PERIOD
ding_2022_fig1d_digitized,green_trace,green_trace:486,486,459.5,444.290657,-0.07714286,0.011428571428571429,"Nature Communications 13, 285 (2022), Fig. 1d; color mapping remains open",OPEN_COLOR_TO_GRATING_PERIOD
ding_2022_fig1d_digitized,green_trace,green_trace:487,487,461.5,448.442907,-0.08857143,0.011428571428571429,"Nature Communications 13, 285 (2022), Fig. 1d; color mapping remains open",OPEN_COLOR_TO_GRATING_PERIOD
ding_2022_fig1d_digitized,green_trace,green_trace:488,488,463.0,452.595156,-0.09714286,0.011428571428571429,"Nature Communications 13, 285 (2022), Fig. 1d; color mapping remains open",OPEN_COLOR_TO_GRATING_PERIOD
ding_2022_fig1d_digitized,green_trace,green_trace:489,489,463.0,456.747405,-0.09714286,0.011428571428571429,"Nature Communications 13, 285 (2022), Fig. 1d; color mapping remains open",OPEN_COLOR_TO_GRATING_PERIOD
ding_2022_fig1d_digitized,green_trace,green_trace:490,490,464.0,460.899654,-0.10285714,0.011428571428571429,"Nature Communications 13, 285 (2022), Fig. 1d; color mapping remains open",OPEN_COLOR_TO_GRATING_PERIOD
ding_2022_fig1d_digitized,green_trace,green_trace:491,491,463.0,465.051903,-0.09714286,0.011428571428571429,"Nature Communications 13, 285 (2022), Fig. 1d; color mapping remains open",OPEN_COLOR_TO_GRATING_PERIOD
ding_2022_fig1d_digitized,green_trace,green_trace:492,492,462.5,469.204152,-0.09428571,0.011428571428571429,"Nature Communications 13, 285 (2022), Fig. 1d; color mapping remains open",OPEN_COLOR_TO_GRATING_PERIOD
ding_2022_fig1d_digitized,green_trace,green_trace:493,493,463.0,473.356401,-0.09714286,0.011428571428571429,"Nature Communications 13, 285 (2022), Fig. 1d; color mapping remains open",OPEN_COLOR_TO_GRATING_PERIOD
ding_2022_fig1d_digitized,green_trace,green_trace:494,494,464.5,477.508651,-0.10571429,0.011428571428571429,"Nature Communications 13, 285 (2022), Fig. 1d; color mapping remains open",OPEN_COLOR_TO_GRATING_PERIOD
ding_2022_fig1d_digitized,green_trace,green_trace:495,495,467.0,481.6609,-0.12,0.011428571428571429,"Nature Communications 13, 285 (2022), Fig. 1d; color mapping remains open",OPEN_COLOR_TO_GRATING_PERIOD
ding_2022_fig1d_digitized,green_trace,green_trace:496,496,466.5,485.813149,-0.11714286,0.011428571428571429,"Nature Communications 13, 285 (2022), Fig. 1d; color mapping remains open",OPEN_COLOR_TO_GRATING_PERIOD
ding_2022_fig1d_digitized,green_trace,green_trace:497,497,466.0,489.965398,-0.11428571,0.011428571428571429,"Nature Communications 13, 285 (2022), Fig. 1d; color mapping remains open",OPEN_COLOR_TO_GRATING_PERIOD
ding_2022_fig1d_digitized,green_trace,green_trace:498,498,466.0,494.117647,-0.11428571,0.011428571428571429,"Nature Communications 13, 285 (2022), Fig. 1d; color mapping remains open",OPEN_COLOR_TO_GRATING_PERIOD
ding_2022_fig1d_digitized,green_trace,green_trace:499,499,466.5,498.269896,-0.11714286,0.011428571428571429,"Nature Communications 13, 285 (2022), Fig. 1d; color mapping remains open",OPEN_COLOR_TO_GRATING_PERIOD
ding_2022_fig1d_digitized,green_trace,green_trace:500,500,467.5,502.422145,-0.12285714,0.011428571428571429,"Nature Communications 13, 285 (2022), Fig. 1d; color mapping remains open",OPEN_COLOR_TO_GRATING_PERIOD
ding_2022_fig1d_digitized,green_trace,green_trace:501,501,469.0,506.574394,-0.13142857,0.011428571428571429,"Nature Communications 13, 285 (2022), Fig. 1d; color mapping remains open",OPEN_COLOR_TO_GRATING_PERIOD
ding_2022_fig1d_digitized,green_trace,green_trace:502,502,467.5,510.726644,-0.12285714,0.011428571428571429,"Nature Communications 13, 285 (2022), Fig. 1d; color mapping remains open",OPEN_COLOR_TO_GRATING_PERIOD
ding_2022_fig1d_digitized,green_trace,green_trace:503,503,469.0,514.878893,-0.13142857,0.011428571428571429,"Nature Communications 13, 285 (2022), Fig. 1d; color mapping remains open",OPEN_COLOR_TO_GRATING_PERIOD
ding_2022_fig1d_digitized,green_trace,green_trace:504,504,470.0,519.031142,-0.13714286,0.011428571428571429,"Nature Communications 13, 285 (2022), Fig. 1d; color mapping remains open",OPEN_COLOR_TO_GRATING_PERIOD
ding_2022_fig1d_digitized,green_trace,green_trace:505,505,469.0,523.183391,-0.13142857,0.011428571428571429,"Nature Communications 13, 285 (2022), Fig. 1d; color mapping remains open",OPEN_COLOR_TO_GRATING_PERIOD
ding_2022_fig1d_digitized,green_trace,green_trace:506,506,469.0,527.33564,-0.13142857,0.011428571428571429,"Nature Communications 13, 285 (2022), Fig. 1d; color mapping remains open",OPEN_COLOR_TO_GRATING_PERIOD
ding_2022_fig1d_digitized,green_trace,green_trace:507,507,469.5,531.487889,-0.13428571,0.011428571428571429,"Nature Communications 13, 285 (2022), Fig. 1d; color mapping remains open",OPEN_COLOR_TO_GRATING_PERIOD
ding_2022_fig1d_digitized,green_trace,green_trace:508,508,470.0,535.640138,-0.13714286,0.011428571428571429,"Nature Communications 13, 285 (2022), Fig. 1d; color mapping remains open",OPEN_COLOR_TO_GRATING_PERIOD
ding_2022_fig1d_digitized,green_trace,green_trace:509,509,469.5,539.792388,-0.13428571,0.011428571428571429,"Nature Communications 13, 285 (2022), Fig. 1d; color mapping remains open",OPEN_COLOR_TO_GRATING_PERIOD
ding_2022_fig1d_digitized,green_trace,green_trace:510,510,469.0,543.944637,-0.13142857,0.011428571428571429,"Nature Communications 13, 285 (2022), Fig. 1d; color mapping remains open",OPEN_COLOR_TO_GRATING_PERIOD
ding_2022_fig1d_digitized,green_trace,green_trace:511,511,469.5,548.096886,-0.13428571,0.011428571428571429,"Nature Communications 13, 285 (2022), Fig. 1d; color mapping remains open",OPEN_COLOR_TO_GRATING_PERIOD
ding_2022_fig1d_digitized,green_trace,green_trace:512,512,470.5,552.249135,-0.14,0.011428571428571429,"Nature Communications 13, 285 (2022), Fig. 1d; color mapping remains open",OPEN_COLOR_TO_GRATING_PERIOD
ding_2022_fig1d_digitized,green_trace,green_trace:513,513,470.5,556.401384,-0.14,0.011428571428571429,"Nature Communications 13, 285 (2022), Fig. 1d; color mapping remains open",OPEN_COLOR_TO_GRATING_PERIOD
ding_2022_fig1d_digitized,green_trace,green_trace:514,514,470.5,560.553633,-0.14,0.011428571428571429,"Nature Communications 13, 285 (2022), Fig. 1d; color mapping remains open",OPEN_COLOR_TO_GRATING_PERIOD
ding_2022_fig1d_digitized,green_trace,green_trace:515,515,470.5,564.705882,-0.14,0.011428571428571429,"Nature Communications 13, 285 (2022), Fig. 1d; color mapping remains open",OPEN_COLOR_TO_GRATING_PERIOD
ding_2022_fig1d_digitized,green_trace,green_trace:516,516,471.0,568.858131,-0.14285714,0.011428571428571429,"Nature Communications 13, 285 (2022), Fig. 1d; color mapping remains open",OPEN_COLOR_TO_GRATING_PERIOD
ding_2022_fig1d_digitized,green_trace,green_trace:517,517,471.0,573.010381,-0.14285714,0.011428571428571429,"Nature Communications 13, 285 (2022), Fig. 1d; color mapping remains open",OPEN_COLOR_TO_GRATING_PERIOD
ding_2022_fig1d_digitized,green_trace,green_trace:522,522,471.0,593.771626,-0.14285714,0.011428571428571429,"Nature Communications 13, 285 (2022), Fig. 1d; color mapping remains open",OPEN_COLOR_TO_GRATING_PERIOD
ding_2022_fig1d_digitized,green_trace,green_trace:545,545,343.0,689.273356,0.58857143,0.011428571428571429,"Nature Communications 13, 285 (2022), Fig. 1d; color mapping remains open",OPEN_COLOR_TO_GRATING_PERIOD
ding_2022_fig1d_digitized,green_trace,green_trace:546,546,343.5,693.425606,0.58571429,0.011428571428571429,"Nature Communications 13, 285 (2022), Fig. 1d; color mapping remains open",OPEN_COLOR_TO_GRATING_PERIOD
ding_2022_fig1d_digitized,green_trace,green_trace:547,547,343.0,697.577855,0.58857143,0.011428571428571429,"Nature Communications 13, 285 (2022), Fig. 1d; color mapping remains open",OPEN_COLOR_TO_GRATING_PERIOD
ding_2022_fig1d_digitized,green_trace,green_trace:548,548,343.0,701.730104,0.58857143,0.011428571428571429,"Nature Communications 13, 285 (2022), Fig. 1d; color mapping remains open",OPEN_COLOR_TO_GRATING_PERIOD
ding_2022_fig1d_digitized,green_trace,green_trace:563,563,343.0,764.013841,0.58857143,0.011428571428571429,"Nature Communications 13, 285 (2022), Fig. 1d; color mapping remains open",OPEN_COLOR_TO_GRATING_PERIOD
ding_2022_fig1d_digitized,green_trace,green_trace:564,564,343.5,768.16609,0.58571429,0.011428571428571429,"Nature Communications 13, 285 (2022), Fig. 1d; color mapping remains open",OPEN_COLOR_TO_GRATING_PERIOD
ding_2022_fig1d_digitized,green_trace,green_trace:565,565,343.0,772.318339,0.58857143,0.011428571428571429,"Nature Communications 13, 285 (2022), Fig. 1d; color mapping remains open",OPEN_COLOR_TO_GRATING_PERIOD
ding_2022_fig1d_digitized,green_trace,green_trace:566,566,343.5,776.470588,0.58571429,0.011428571428571429,"Nature Communications 13, 285 (2022), Fig. 1d; color mapping remains open",OPEN_COLOR_TO_GRATING_PERIOD
ding_2022_fig1d_digitized,green_trace,green_trace:578,578,343.0,826.297578,0.58857143,0.011428571428571429,"Nature Communications 13, 285 (2022), Fig. 1d; color mapping remains open",OPEN_COLOR_TO_GRATING_PERIOD
ding_2022_fig1d_digitized,green_trace,green_trace:579,579,343.5,830.449827,0.58571429,0.011428571428571429,"Nature Communications 13, 285 (2022), Fig. 1d; color mapping remains open",OPEN_COLOR_TO_GRATING_PERIOD
ding_2022_fig1d_digitized,green_trace,green_trace:580,580,343.5,834.602076,0.58571429,0.011428571428571429,"Nature Communications 13, 285 (2022), Fig. 1d; color mapping remains open",OPEN_COLOR_TO_GRATING_PERIOD
ding_2022_fig1d_digitized,green_trace,green_trace:581,581,343.5,838.754325,0.58571429,0.011428571428571429,"Nature Communications 13, 285 (2022), Fig. 1d; color mapping remains open",OPEN_COLOR_TO_GRATING_PERIOD
ding_2022_fig1d_digitized,green_trace,green_trace:582,582,343.5,842.906574,0.58571429,0.011428571428571429,"Nature Communications 13, 285 (2022), Fig. 1d; color mapping remains open",OPEN_COLOR_TO_GRATING_PERIOD
ding_2022_fig1d_digitized,green_trace,green_trace:583,583,343.5,847.058824,0.58571429,0.011428571428571429,"Nature Communications 13, 285 (2022), Fig. 1d; color mapping remains open",OPEN_COLOR_TO_GRATING_PERIOD
ding_2022_fig1d_digitized,green_trace,green_trace:584,584,343.5,851.211073,0.58571429,0.011428571428571429,"Nature Communications 13, 285 (2022), Fig. 1d; color mapping remains open",OPEN_COLOR_TO_GRATING_PERIOD
ding_2022_fig1d_digitized,green_trace,green_trace:585,585,343.5,855.363322,0.58571429,0.011428571428571429,"Nature Communications 13, 285 (2022), Fig. 1d; color mapping remains open",OPEN_COLOR_TO_GRATING_PERIOD
ding_2022_fig1d_digitized,green_trace,green_trace:586,586,343.5,859.515571,0.58571429,0.011428571428571429,"Nature Communications 13, 285 (2022), Fig. 1d; color mapping remains open",OPEN_COLOR_TO_GRATING_PERIOD
ding_2022_fig1d_digitized,green_trace,green_trace:587,587,343.5,863.66782,0.58571429,0.011428571428571429,"Nature Communications 13, 285 (2022), Fig. 1d; color mapping remains open",OPEN_COLOR_TO_GRATING_PERIOD
ding_2022_fig1d_digitized,green_trace,green_trace:588,588,343.5,867.820069,0.58571429,0.011428571428571429,"Nature Communications 13, 285 (2022), Fig. 1d; color mapping remains open",OPEN_COLOR_TO_GRATING_PERIOD
ding_2022_fig1d_digitized,green_trace,green_trace:589,589,343.5,871.972318,0.58571429,0.011428571428571429,"Nature Communications 13, 285 (2022), Fig. 1d; color mapping remains open",OPEN_COLOR_TO_GRATING_PERIOD
ding_2022_fig1d_digitized,green_trace,green_trace:590,590,343.5,876.124567,0.58571429,0.011428571428571429,"Nature Communications 13, 285 (2022), Fig. 1d; color mapping remains open",OPEN_COLOR_TO_GRATING_PERIOD
ding_2022_fig1d_digitized,green_trace,green_trace:591,591,343.5,880.276817,0.58571429,0.011428571428571429,"Nature Communications 13, 285 (2022), Fig. 1d; color mapping remains open",OPEN_COLOR_TO_GRATING_PERIOD
ding_2022_fig1d_digitized,green_trace,green_trace:592,592,343.5,884.429066,0.58571429,0.011428571428571429,"Nature Communications 13, 285 (2022), Fig. 1d; color mapping remains open",OPEN_COLOR_TO_GRATING_PERIOD
ding_2022_fig1d_digitized,green_trace,green_trace:593,593,343.5,888.581315,0.58571429,0.011428571428571429,"Nature Communications 13, 285 (2022), Fig. 1d; color mapping remains open",OPEN_COLOR_TO_GRATING_PERIOD
ding_2022_fig1d_digitized,green_trace,green_trace:594,594,343.5,892.733564,0.58571429,0.011428571428571429,"Nature Communications 13, 285 (2022), Fig. 1d; color mapping remains open",OPEN_COLOR_TO_GRATING_PERIOD
ding_2022_fig1d_digitized,green_trace,green_trace:595,595,343.5,896.885813,0.58571429,0.011428571428571429,"Nature Communications 13, 285 (2022), Fig. 1d; color mapping remains open",OPEN_COLOR_TO_GRATING_PERIOD
ding_2022_fig1d_digitized,green_trace,green_trace:596,596,343.5,901.038062,0.58571429,0.011428571428571429,"Nature Communications 13, 285 (2022), Fig. 1d; color mapping remains open",OPEN_COLOR_TO_GRATING_PERIOD
ding_2022_fig1d_digitized,green_trace,green_trace:597,597,343.0,905.190311,0.58857143,0.011428571428571429,"Nature Communications 13, 285 (2022), Fig. 1d; color mapping remains open",OPEN_COLOR_TO_GRATING_PERIOD
ding_2022_fig1d_digitized,blue_trace,blue_trace:391,391,321.0,49.82699,0.71428571,0.011428571428571429,"Nature Communications 13, 285 (2022), Fig. 1d; color mapping remains open",OPEN_COLOR_TO_GRATING_PERIOD
ding_2022_fig1d_digitized,blue_trace,blue_trace:392,392,326.0,53.979239,0.68571429,0.011428571428571429,"Nature Communications 13, 285 (2022), Fig. 1d; color mapping remains open",OPEN_COLOR_TO_GRATING_PERIOD
ding_2022_fig1d_digitized,blue_trace,blue_trace:393,393,332.0,58.131488,0.65142857,0.011428571428571429,"Nature Communications 13, 285 (2022), Fig. 1d; color mapping remains open",OPEN_COLOR_TO_GRATING_PERIOD
ding_2022_fig1d_digitized,blue_trace,blue_trace:394,394,335.5,62.283737,0.63142857,0.011428571428571429,"Nature Communications 13, 285 (2022), Fig. 1d; color mapping remains open",OPEN_COLOR_TO_GRATING_PERIOD
ding_2022_fig1d_digitized,blue_trace,blue_trace:395,395,340.5,66.435986,0.60285714,0.011428571428571429,"Nature Communications 13, 285 (2022), Fig. 1d; color mapping remains open",OPEN_COLOR_TO_GRATING_PERIOD
ding_2022_fig1d_digitized,blue_trace,blue_trace:396,396,343.5,70.588235,0.58571429,0.011428571428571429,"Nature Communications 13, 285 (2022), Fig. 1d; color mapping remains open",OPEN_COLOR_TO_GRATING_PERIOD
ding_2022_fig1d_digitized,blue_trace,blue_trace:397,397,351.5,74.740484,0.54,0.011428571428571429,"Nature Communications 13, 285 (2022), Fig. 1d; color mapping remains open",OPEN_COLOR_TO_GRATING_PERIOD
ding_2022_fig1d_digitized,blue_trace,blue_trace:398,398,356.0,78.892734,0.51428571,0.011428571428571429,"Nature Communications 13, 285 (2022), Fig. 1d; color mapping remains open",OPEN_COLOR_TO_GRATING_PERIOD
ding_2022_fig1d_digitized,blue_trace,blue_trace:399,399,360.0,83.044983,0.49142857,0.011428571428571429,"Nature Communications 13, 285 (2022), Fig. 1d; color mapping remains open",OPEN_COLOR_TO_GRATING_PERIOD
ding_2022_fig1d_digitized,blue_trace,blue_trace:400,400,365.5,87.197232,0.46,0.011428571428571429,"Nature Communications 13, 285 (2022), Fig. 1d; color mapping remains open",OPEN_COLOR_TO_GRATING_PERIOD
ding_2022_fig1d_digitized,blue_trace,blue_trace:401,401,370.5,91.349481,0.43142857,0.011428571428571429,"Nature Communications 13, 285 (2022), Fig. 1d; color mapping remains open",OPEN_COLOR_TO_GRATING_PERIOD
ding_2022_fig1d_digitized,blue_trace,blue_trace:402,402,373.0,95.50173,0.41714286,0.011428571428571429,"Nature Communications 13, 285 (2022), Fig. 1d; color mapping remains open",OPEN_COLOR_TO_GRATING_PERIOD
ding_2022_fig1d_digitized,blue_trace,blue_trace:403,403,379.0,99.653979,0.38285714,0.011428571428571429,"Nature Communications 13, 285 (2022), Fig. 1d; color mapping remains open",OPEN_COLOR_TO_GRATING_PERIOD
ding_2022_fig1d_digitized,blue_trace,blue_trace:404,404,385.5,103.806228,0.34571429,0.011428571428571429,"Nature Communications 13, 285 (2022), Fig. 1d; color mapping remains open",OPEN_COLOR_TO_GRATING_PERIOD
ding_2022_fig1d_digitized,blue_trace,blue_trace:405,405,389.5,107.958478,0.32285714,0.011428571428571429,"Nature Communications 13, 285 (2022), Fig. 1d; color mapping remains open",OPEN_COLOR_TO_GRATING_PERIOD
ding_2022_fig1d_digitized,blue_trace,blue_trace:406,406,396.0,112.110727,0.28571429,0.011428571428571429,"Nature Communications 13, 285 (2022), Fig. 1d; color mapping remains open",OPEN_COLOR_TO_GRATING_PERIOD
ding_2022_fig1d_digitized,blue_trace,blue_trace:407,407,397.5,116.262976,0.27714286,0.011428571428571429,"Nature Communications 13, 285 (2022), Fig. 1d; color mapping remains open",OPEN_COLOR_TO_GRATING_PERIOD
ding_2022_fig1d_digitized,blue_trace,blue_trace:408,408,405.0,120.415225,0.23428571,0.011428571428571429,"Nature Communications 13, 285 (2022), Fig. 1d; color mapping remains open",OPEN_COLOR_TO_GRATING_PERIOD
ding_2022_fig1d_digitized,blue_trace,blue_trace:409,409,409.5,124.567474,0.20857143,0.011428571428571429,"Nature Communications 13, 285 (2022), Fig. 1d; color mapping remains open",OPEN_COLOR_TO_GRATING_PERIOD
ding_2022_fig1d_digitized,blue_trace,blue_trace:410,410,412.0,128.719723,0.19428571,0.011428571428571429,"Nature Communications 13, 285 (2022), Fig. 1d; color mapping remains open",OPEN_COLOR_TO_GRATING_PERIOD
ding_2022_fig1d_digitized,blue_trace,blue_trace:411,411,417.0,132.871972,0.16571429,0.011428571428571429,"Nature Communications 13, 285 (2022), Fig. 1d; color mapping remains open",OPEN_COLOR_TO_GRATING_PERIOD
ding_2022_fig1d_digitized,blue_trace,blue_trace:412,412,422.0,137.024221,0.13714286,0.011428571428571429,"Nature Communications 13, 285 (2022), Fig. 1d; color mapping remains open",OPEN_COLOR_TO_GRATING_PERIOD
ding_2022_fig1d_digitized,blue_trace,blue_trace:413,413,426.5,141.176471,0.11142857,0.011428571428571429,"Nature Communications 13, 285 (2022), Fig. 1d; color mapping remains open",OPEN_COLOR_TO_GRATING_PERIOD
ding_2022_fig1d_digitized,blue_trace,blue_trace:414,414,430.5,145.32872,0.08857143,0.011428571428571429,"Nature Communications 13, 285 (2022), Fig. 1d; color mapping remains open",OPEN_COLOR_TO_GRATING_PERIOD
ding_2022_fig1d_digitized,blue_trace,blue_trace:415,415,434.5,149.480969,0.06571429,0.011428571428571429,"Nature Communications 13, 285 (2022), Fig. 1d; color mapping remains open",OPEN_COLOR_TO_GRATING_PERIOD
ding_2022_fig1d_digitized,blue_trace,blue_trace:416,416,438.5,153.633218,0.04285714,0.011428571428571429,"Nature Communications 13, 285 (2022), Fig. 1d; color mapping remains open",OPEN_COLOR_TO_GRATING_PERIOD
ding_2022_fig1d_digitized,blue_trace,blue_trace:417,417,443.0,157.785467,0.01714286,0.011428571428571429,"Nature Communications 13, 285 (2022), Fig. 1d; color mapping remains open",OPEN_COLOR_TO_GRATING_PERIOD
ding_2022_fig1d_digitized,blue_trace,blue_trace:418,418,446.0,161.937716,0.0,0.011428571428571429,"Nature Communications 13, 285 (2022), Fig. 1d; color mapping remains open",OPEN_COLOR_TO_GRATING_PERIOD
ding_2022_fig1d_digitized,blue_trace,blue_trace:419,419,451.5,166.089965,-0.03142857,0.011428571428571429,"Nature Communications 13, 285 (2022), Fig. 1d; color mapping remains open",OPEN_COLOR_TO_GRATING_PERIOD
ding_2022_fig1d_digitized,blue_trace,blue_trace:420,420,453.5,170.242215,-0.04285714,0.011428571428571429,"Nature Communications 13, 285 (2022), Fig. 1d; color mapping remains open",OPEN_COLOR_TO_GRATING_PERIOD
ding_2022_fig1d_digitized,blue_trace,blue_trace:421,421,457.0,174.394464,-0.06285714,0.011428571428571429,"Nature Communications 13, 285 (2022), Fig. 1d; color mapping remains open",OPEN_COLOR_TO_GRATING_PERIOD
ding_2022_fig1d_digitized,blue_trace,blue_trace:422,422,459.5,178.546713,-0.07714286,0.011428571428571429,"Nature Communications 13, 285 (2022), Fig. 1d; color mapping remains open",OPEN_COLOR_TO_GRATING_PERIOD
ding_2022_fig1d_digitized,blue_trace,blue_trace:423,423,462.0,182.698962,-0.09142857,0.011428571428571429,"Nature Communications 13, 285 (2022), Fig. 1d; color mapping remains open",OPEN_COLOR_TO_GRATING_PERIOD
ding_2022_fig1d_digitized,blue_trace,blue_trace:424,424,463.5,186.851211,-0.1,0.011428571428571429,"Nature Communications 13, 285 (2022), Fig. 1d; color mapping remains open",OPEN_COLOR_TO_GRATING_PERIOD
ding_2022_fig1d_digitized,blue_trace,blue_trace:425,425,465.0,191.00346,-0.10857143,0.011428571428571429,"Nature Communications 13, 285 (2022), Fig. 1d; color mapping remains open",OPEN_COLOR_TO_GRATING_PERIOD
ding_2022_fig1d_digitized,blue_trace,blue_trace:426,426,466.5,195.155709,-0.11714286,0.011428571428571429,"Nature Communications 13, 285 (2022), Fig. 1d; color mapping remains open",OPEN_COLOR_TO_GRATING_PERIOD
ding_2022_fig1d_digitized,blue_trace,blue_trace:427,427,465.5,199.307958,-0.11142857,0.011428571428571429,"Nature Communications 13, 285 (2022), Fig. 1d; color mapping remains open",OPEN_COLOR_TO_GRATING_PERIOD
ding_2022_fig1d_digitized,blue_trace,blue_trace:428,428,465.0,203.460208,-0.10857143,0.011428571428571429,"Nature Communications 13, 285 (2022), Fig. 1d; color mapping remains open",OPEN_COLOR_TO_GRATING_PERIOD
ding_2022_fig1d_digitized,blue_trace,blue_trace:429,429,467.5,207.612457,-0.12285714,0.011428571428571429,"Nature Communications 13, 285 (2022), Fig. 1d; color mapping remains open",OPEN_COLOR_TO_GRATING_PERIOD
ding_2022_fig1d_digitized,blue_trace,blue_trace:430,430,468.0,211.764706,-0.12571429,0.011428571428571429,"Nature Communications 13, 285 (2022), Fig. 1d; color mapping remains open",OPEN_COLOR_TO_GRATING_PERIOD
ding_2022_fig1d_digitized,blue_trace,blue_trace:431,431,466.0,215.916955,-0.11428571,0.011428571428571429,"Nature Communications 13, 285 (2022), Fig. 1d; color mapping remains open",OPEN_COLOR_TO_GRATING_PERIOD
ding_2022_fig1d_digitized,blue_trace,blue_trace:432,432,469.5,220.069204,-0.13428571,0.011428571428571429,"Nature Communications 13, 285 (2022), Fig. 1d; color mapping remains open",OPEN_COLOR_TO_GRATING_PERIOD
ding_2022_fig1d_digitized,blue_trace,blue_trace:433,433,470.5,224.221453,-0.14,0.011428571428571429,"Nature Communications 13, 285 (2022), Fig. 1d; color mapping remains open",OPEN_COLOR_TO_GRATING_PERIOD
ding_2022_fig1d_digitized,blue_trace,blue_trace:434,434,460.0,228.373702,-0.08,0.011428571428571429,"Nature Communications 13, 285 (2022), Fig. 1d; color mapping remains open",OPEN_COLOR_TO_GRATING_PERIOD
ding_2022_fig1d_digitized,blue_trace,blue_trace:435,435,459.5,232.525952,-0.07714286,0.011428571428571429,"Nature Communications 13, 285 (2022), Fig. 1d; color mapping remains open",OPEN_COLOR_TO_GRATING_PERIOD
ding_2022_fig1d_digitized,blue_trace,blue_trace:436,436,458.5,236.678201,-0.07142857,0.011428571428571429,"Nature Communications 13, 285 (2022), Fig. 1d; color mapping remains open",OPEN_COLOR_TO_GRATING_PERIOD
ding_2022_fig1d_digitized,blue_trace,blue_trace:437,437,457.5,240.83045,-0.06571429,0.011428571428571429,"Nature Communications 13, 285 (2022), Fig. 1d; color mapping remains open",OPEN_COLOR_TO_GRATING_PERIOD
ding_2022_fig1d_digitized,blue_trace,blue_trace:441,441,453.5,257.439446,-0.04285714,0.011428571428571429,"Nature Communications 13, 285 (2022), Fig. 1d; color mapping remains open",OPEN_COLOR_TO_GRATING_PERIOD
ding_2022_fig1d_digitized,blue_trace,blue_trace:442,442,452.5,261.591696,-0.03714286,0.011428571428571429,"Nature Communications 13, 285 (2022), Fig. 1d; color mapping remains open",OPEN_COLOR_TO_GRATING_PERIOD
ding_2022_fig1d_digitized,blue_trace,blue_trace:443,443,452.0,265.743945,-0.03428571,0.011428571428571429,"Nature Communications 13, 285 (2022), Fig. 1d; color mapping remains open",OPEN_COLOR_TO_GRATING_PERIOD
ding_2022_fig1d_digitized,blue_trace,blue_trace:447,447,444.5,282.352941,0.00857143,0.011428571428571429,"Nature Communications 13, 285 (2022), Fig. 1d; color mapping remains open",OPEN_COLOR_TO_GRATING_PERIOD
ding_2022_fig1d_digitized,blue_trace,blue_trace:448,448,444.0,286.50519,0.01142857,0.011428571428571429,"Nature Communications 13, 285 (2022), Fig. 1d; color mapping remains open",OPEN_COLOR_TO_GRATING_PERIOD
ding_2022_fig1d_digitized,blue_trace,blue_trace:449,449,444.0,290.657439,0.01142857,0.011428571428571429,"Nature Communications 13, 285 (2022), Fig. 1d; color mapping remains open",OPEN_COLOR_TO_GRATING_PERIOD
ding_2022_fig1d_digitized,blue_trace,blue_trace:451,451,439.0,298.961938,0.04,0.011428571428571429,"Nature Communications 13, 285 (2022), Fig. 1d; color mapping remains open",OPEN_COLOR_TO_GRATING_PERIOD
ding_2022_fig1d_digitized,blue_trace,blue_trace:452,452,438.5,303.114187,0.04285714,0.011428571428571429,"Nature Communications 13, 285 (2022), Fig. 1d; color mapping remains open",OPEN_COLOR_TO_GRATING_PERIOD
ding_2022_fig1d_digitized,blue_trace,blue_trace:453,453,437.5,307.266436,0.04857143,0.011428571428571429,"Nature Communications 13, 285 (2022), Fig. 1d; color mapping remains open",OPEN_COLOR_TO_GRATING_PERIOD
ding_2022_fig1d_digitized,blue_trace,blue_trace:454,454,437.0,311.418685,0.05142857,0.011428571428571429,"Nature Communications 13, 285 (2022), Fig. 1d; color mapping remains open",OPEN_COLOR_TO_GRATING_PERIOD
ding_2022_fig1d_digitized,blue_trace,blue_trace:458,458,439.0,328.027682,0.04,0.011428571428571429,"Nature Communications 13, 285 (2022), Fig. 1d; color mapping remains open",OPEN_COLOR_TO_GRATING_PERIOD
ding_2022_fig1d_digitized,blue_trace,blue_trace:459,459,439.0,332.179931,0.04,0.011428571428571429,"Nature Communications 13, 285 (2022), Fig. 1d; color mapping remains open",OPEN_COLOR_TO_GRATING_PERIOD
ding_2022_fig1d_digitized,blue_trace,blue_trace:460,460,440.5,336.33218,0.03142857,0.011428571428571429,"Nature Communications 13, 285 (2022), Fig. 1d; color mapping remains open",OPEN_COLOR_TO_GRATING_PERIOD
ding_2022_fig1d_digitized,blue_trace,blue_trace:461,461,441.0,340.484429,0.02857143,0.011428571428571429,"Nature Communications 13, 285 (2022), Fig. 1d; color mapping remains open",OPEN_COLOR_TO_GRATING_PERIOD
ding_2022_fig1d_digitized,blue_trace,blue_trace:462,462,446.5,344.636678,-0.00285714,0.011428571428571429,"Nature Communications 13, 285 (2022), Fig. 1d; color mapping remains open",OPEN_COLOR_TO_GRATING_PERIOD
ding_2022_fig1d_digitized,blue_trace,blue_trace:463,463,447.5,348.788927,-0.00857143,0.011428571428571429,"Nature Communications 13, 285 (2022), Fig. 1d; color mapping remains open",OPEN_COLOR_TO_GRATING_PERIOD
ding_2022_fig1d_digitized,blue_trace,blue_trace:464,464,449.0,352.941176,-0.01714286,0.011428571428571429,"Nature Communications 13, 285 (2022), Fig. 1d; color mapping remains open",OPEN_COLOR_TO_GRATING_PERIOD
ding_2022_fig1d_digitized,blue_trace,blue_trace:465,465,455.0,357.093426,-0.05142857,0.011428571428571429,"Nature Communications 13, 285 (2022), Fig. 1d; color mapping remains open",OPEN_COLOR_TO_GRATING_PERIOD
ding_2022_fig1d_digitized,blue_trace,blue_trace:466,466,456.0,361.245675,-0.05714286,0.011428571428571429,"Nature Communications 13, 285 (2022), Fig. 1d; color mapping remains open",OPEN_COLOR_TO_GRATING_PERIOD
ding_2022_fig1d_digitized,blue_trace,blue_trace:467,467,457.0,365.397924,-0.06285714,0.011428571428571429,"Nature Communications 13, 285 (2022), Fig. 1d; color mapping remains open",OPEN_COLOR_TO_GRATING_PERIOD
ding_2022_fig1d_digitized,blue_trace,blue_trace:468,468,463.0,369.550173,-0.09714286,0.011428571428571429,"Nature Communications 13, 285 (2022), Fig. 1d; color mapping remains open",OPEN_COLOR_TO_GRATING_PERIOD
ding_2022_fig1d_digitized,blue_trace,blue_trace:469,469,464.5,373.702422,-0.10571429,0.011428571428571429,"Nature Communications 13, 285 (2022), Fig. 1d; color mapping remains open",OPEN_COLOR_TO_GRATING_PERIOD
ding_2022_fig1d_digitized,blue_trace,blue_trace:470,470,465.0,377.854671,-0.10857143,0.011428571428571429,"Nature Communications 13, 285 (2022), Fig. 1d; color mapping remains open",OPEN_COLOR_TO_GRATING_PERIOD
ding_2022_fig1d_digitized,blue_trace,blue_trace:472,472,471.0,386.15917,-0.14285714,0.011428571428571429,"Nature Communications 13, 285 (2022), Fig. 1d; color mapping remains open",OPEN_COLOR_TO_GRATING_PERIOD
ding_2022_fig1d_digitized,blue_trace,blue_trace:473,473,471.0,390.311419,-0.14285714,0.011428571428571429,"Nature Communications 13, 285 (2022), Fig. 1d; color mapping remains open",OPEN_COLOR_TO_GRATING_PERIOD
ding_2022_fig1d_digitized,blue_trace,blue_trace:477,477,471.0,406.920415,-0.14285714,0.011428571428571429,"Nature Communications 13, 285 (2022), Fig. 1d; color mapping remains open",OPEN_COLOR_TO_GRATING_PERIOD
ding_2022_fig1d_digitized,blue_trace,blue_trace:478,478,471.0,411.072664,-0.14285714,0.011428571428571429,"Nature Communications 13, 285 (2022), Fig. 1d; color mapping remains open",OPEN_COLOR_TO_GRATING_PERIOD
ding_2022_fig1d_digitized,blue_trace,blue_trace:495,495,471.0,481.6609,-0.14285714,0.011428571428571429,"Nature Communications 13, 285 (2022), Fig. 1d; color mapping remains open",OPEN_COLOR_TO_GRATING_PERIOD
ding_2022_fig1d_digitized,blue_trace,blue_trace:496,496,470.5,485.813149,-0.14,0.011428571428571429,"Nature Communications 13, 285 (2022), Fig. 1d; color mapping remains open",OPEN_COLOR_TO_GRATING_PERIOD
ding_2022_fig1d_digitized,blue_trace,blue_trace:497,497,470.5,489.965398,-0.14,0.011428571428571429,"Nature Communications 13, 285 (2022), Fig. 1d; color mapping remains open",OPEN_COLOR_TO_GRATING_PERIOD
ding_2022_fig1d_digitized,blue_trace,blue_trace:498,498,470.0,494.117647,-0.13714286,0.011428571428571429,"Nature Communications 13, 285 (2022), Fig. 1d; color mapping remains open",OPEN_COLOR_TO_GRATING_PERIOD
ding_2022_fig1d_digitized,blue_trace,blue_trace:499,499,471.0,498.269896,-0.14285714,0.011428571428571429,"Nature Communications 13, 285 (2022), Fig. 1d; color mapping remains open",OPEN_COLOR_TO_GRATING_PERIOD
ding_2022_fig1d_digitized,blue_trace,blue_trace:500,500,466.0,502.422145,-0.11428571,0.011428571428571429,"Nature Communications 13, 285 (2022), Fig. 1d; color mapping remains open",OPEN_COLOR_TO_GRATING_PERIOD
ding_2022_fig1d_digitized,blue_trace,blue_trace:501,501,465.0,506.574394,-0.10857143,0.011428571428571429,"Nature Communications 13, 285 (2022), Fig. 1d; color mapping remains open",OPEN_COLOR_TO_GRATING_PERIOD
ding_2022_fig1d_digitized,blue_trace,blue_trace:502,502,464.0,510.726644,-0.10285714,0.011428571428571429,"Nature Communications 13, 285 (2022), Fig. 1d; color mapping remains open",OPEN_COLOR_TO_GRATING_PERIOD
ding_2022_fig1d_digitized,blue_trace,blue_trace:503,503,463.0,514.878893,-0.09714286,0.011428571428571429,"Nature Communications 13, 285 (2022), Fig. 1d; color mapping remains open",OPEN_COLOR_TO_GRATING_PERIOD
ding_2022_fig1d_digitized,blue_trace,blue_trace:505,505,458.0,523.183391,-0.06857143,0.011428571428571429,"Nature Communications 13, 285 (2022), Fig. 1d; color mapping remains open",OPEN_COLOR_TO_GRATING_PERIOD
ding_2022_fig1d_digitized,blue_trace,blue_trace:506,506,457.0,527.33564,-0.06285714,0.011428571428571429,"Nature Communications 13, 285 (2022), Fig. 1d; color mapping remains open",OPEN_COLOR_TO_GRATING_PERIOD
ding_2022_fig1d_digitized,blue_trace,blue_trace:507,507,456.0,531.487889,-0.05714286,0.011428571428571429,"Nature Communications 13, 285 (2022), Fig. 1d; color mapping remains open",OPEN_COLOR_TO_GRATING_PERIOD
ding_2022_fig1d_digitized,blue_trace,blue_trace:508,508,455.5,535.640138,-0.05428571,0.011428571428571429,"Nature Communications 13, 285 (2022), Fig. 1d; color mapping remains open",OPEN_COLOR_TO_GRATING_PERIOD
ding_2022_fig1d_digitized,blue_trace,blue_trace:511,511,451.5,548.096886,-0.03142857,0.011428571428571429,"Nature Communications 13, 285 (2022), Fig. 1d; color mapping remains open",OPEN_COLOR_TO_GRATING_PERIOD
ding_2022_fig1d_digitized,blue_trace,blue_trace:512,512,450.5,552.249135,-0.02571429,0.011428571428571429,"Nature Communications 13, 285 (2022), Fig. 1d; color mapping remains open",OPEN_COLOR_TO_GRATING_PERIOD
ding_2022_fig1d_digitized,blue_trace,blue_trace:513,513,450.5,556.401384,-0.02571429,0.011428571428571429,"Nature Communications 13, 285 (2022), Fig. 1d; color mapping remains open",OPEN_COLOR_TO_GRATING_PERIOD
ding_2022_fig1d_digitized,blue_trace,blue_trace:514,514,449.5,560.553633,-0.02,0.011428571428571429,"Nature Communications 13, 285 (2022), Fig. 1d; color mapping remains open",OPEN_COLOR_TO_GRATING_PERIOD
ding_2022_fig1d_digitized,blue_trace,blue_trace:519,519,451.5,581.314879,-0.03142857,0.011428571428571429,"Nature Communications 13, 285 (2022), Fig. 1d; color mapping remains open",OPEN_COLOR_TO_GRATING_PERIOD
ding_2022_fig1d_digitized,blue_trace,blue_trace:520,520,452.5,585.467128,-0.03714286,0.011428571428571429,"Nature Communications 13, 285 (2022), Fig. 1d; color mapping remains open",OPEN_COLOR_TO_GRATING_PERIOD
ding_2022_fig1d_digitized,blue_trace,blue_trace:521,521,453.5,589.619377,-0.04285714,0.011428571428571429,"Nature Communications 13, 285 (2022), Fig. 1d; color mapping remains open",OPEN_COLOR_TO_GRATING_PERIOD
ding_2022_fig1d_digitized,blue_trace,blue_trace:522,522,453.5,593.771626,-0.04285714,0.011428571428571429,"Nature Communications 13, 285 (2022), Fig. 1d; color mapping remains open",OPEN_COLOR_TO_GRATING_PERIOD
ding_2022_fig1d_digitized,blue_trace,blue_trace:525,525,458.0,606.228374,-0.06857143,0.011428571428571429,"Nature Communications 13, 285 (2022), Fig. 1d; color mapping remains open",OPEN_COLOR_TO_GRATING_PERIOD
ding_2022_fig1d_digitized,blue_trace,blue_trace:526,526,459.0,610.380623,-0.07428571,0.011428571428571429,"Nature Communications 13, 285 (2022), Fig. 1d; color mapping remains open",OPEN_COLOR_TO_GRATING_PERIOD
ding_2022_fig1d_digitized,blue_trace,blue_trace:527,527,460.0,614.532872,-0.08,0.011428571428571429,"Nature Communications 13, 285 (2022), Fig. 1d; color mapping remains open",OPEN_COLOR_TO_GRATING_PERIOD
ding_2022_fig1d_digitized,blue_trace,blue_trace:528,528,460.5,618.685121,-0.08285714,0.011428571428571429,"Nature Communications 13, 285 (2022), Fig. 1d; color mapping remains open",OPEN_COLOR_TO_GRATING_PERIOD
ding_2022_fig1d_digitized,blue_trace,blue_trace:531,531,464.0,631.141869,-0.10285714,0.011428571428571429,"Nature Communications 13, 285 (2022), Fig. 1d; color mapping remains open",OPEN_COLOR_TO_GRATING_PERIOD
ding_2022_fig1d_digitized,blue_trace,blue_trace:532,532,464.5,635.294118,-0.10571429,0.011428571428571429,"Nature Communications 13, 285 (2022), Fig. 1d; color mapping remains open",OPEN_COLOR_TO_GRATING_PERIOD
ding_2022_fig1d_digitized,blue_trace,blue_trace:533,533,465.5,639.446367,-0.11142857,0.011428571428571429,"Nature Communications 13, 285 (2022), Fig. 1d; color mapping remains open",OPEN_COLOR_TO_GRATING_PERIOD
ding_2022_fig1d_digitized,blue_trace,blue_trace:534,534,466.5,643.598616,-0.11714286,0.011428571428571429,"Nature Communications 13, 285 (2022), Fig. 1d; color mapping remains open",OPEN_COLOR_TO_GRATING_PERIOD
ding_2022_fig1d_digitized,blue_trace,blue_trace:538,538,470.0,660.207612,-0.13714286,0.011428571428571429,"Nature Communications 13, 285 (2022), Fig. 1d; color mapping remains open",OPEN_COLOR_TO_GRATING_PERIOD
ding_2022_fig1d_digitized,blue_trace,blue_trace:539,539,470.0,664.359862,-0.13714286,0.011428571428571429,"Nature Communications 13, 285 (2022), Fig. 1d; color mapping remains open",OPEN_COLOR_TO_GRATING_PERIOD
ding_2022_fig1d_digitized,blue_trace,blue_trace:540,540,470.5,668.512111,-0.14,0.011428571428571429,"Nature Communications 13, 285 (2022), Fig. 1d; color mapping remains open",OPEN_COLOR_TO_GRATING_PERIOD
ding_2022_fig1d_digitized,blue_trace,blue_trace:541,541,471.0,672.66436,-0.14285714,0.011428571428571429,"Nature Communications 13, 285 (2022), Fig. 1d; color mapping remains open",OPEN_COLOR_TO_GRATING_PERIOD
ding_2022_fig1d_digitized,blue_trace,blue_trace:542,542,471.0,676.816609,-0.14285714,0.011428571428571429,"Nature Communications 13, 285 (2022), Fig. 1d; color mapping remains open",OPEN_COLOR_TO_GRATING_PERIOD
ding_2022_fig1d_digitized,blue_trace,blue_trace:545,545,301.5,689.273356,0.82571429,0.011428571428571429,"Nature Communications 13, 285 (2022), Fig. 1d; color mapping remains open",OPEN_COLOR_TO_GRATING_PERIOD
ding_2022_fig1d_digitized,blue_trace,blue_trace:546,546,301.5,693.425606,0.82571429,0.011428571428571429,"Nature Communications 13, 285 (2022), Fig. 1d; color mapping remains open",OPEN_COLOR_TO_GRATING_PERIOD
ding_2022_fig1d_digitized,blue_trace,blue_trace:547,547,301.5,697.577855,0.82571429,0.011428571428571429,"Nature Communications 13, 285 (2022), Fig. 1d; color mapping remains open",OPEN_COLOR_TO_GRATING_PERIOD
ding_2022_fig1d_digitized,blue_trace,blue_trace:554,554,471.0,726.643599,-0.14285714,0.011428571428571429,"Nature Communications 13, 285 (2022), Fig. 1d; color mapping remains open",OPEN_COLOR_TO_GRATING_PERIOD
ding_2022_fig1d_digitized,blue_trace,blue_trace:555,555,470.5,730.795848,-0.14,0.011428571428571429,"Nature Communications 13, 285 (2022), Fig. 1d; color mapping remains open",OPEN_COLOR_TO_GRATING_PERIOD
ding_2022_fig1d_digitized,blue_trace,blue_trace:556,556,469.5,734.948097,-0.13428571,0.011428571428571429,"Nature Communications 13, 285 (2022), Fig. 1d; color mapping remains open",OPEN_COLOR_TO_GRATING_PERIOD
ding_2022_fig1d_digitized,blue_trace,blue_trace:557,557,468.5,739.100346,-0.12857143,0.011428571428571429,"Nature Communications 13, 285 (2022), Fig. 1d; color mapping remains open",OPEN_COLOR_TO_GRATING_PERIOD
ding_2022_fig1d_digitized,blue_trace,blue_trace:561,561,465.0,755.709343,-0.10857143,0.011428571428571429,"Nature Communications 13, 285 (2022), Fig. 1d; color mapping remains open",OPEN_COLOR_TO_GRATING_PERIOD
ding_2022_fig1d_digitized,blue_trace,blue_trace:562,562,464.5,759.861592,-0.10571429,0.011428571428571429,"Nature Communications 13, 285 (2022), Fig. 1d; color mapping remains open",OPEN_COLOR_TO_GRATING_PERIOD
ding_2022_fig1d_digitized,blue_trace,blue_trace:563,563,344.0,764.013841,0.58285714,0.011428571428571429,"Nature Communications 13, 285 (2022), Fig. 1d; color mapping remains open",OPEN_COLOR_TO_GRATING_PERIOD
ding_2022_fig1d_digitized,blue_trace,blue_trace:564,564,302.0,768.16609,0.82285714,0.011428571428571429,"Nature Communications 13, 285 (2022), Fig. 1d; color mapping remains open",OPEN_COLOR_TO_GRATING_PERIOD
ding_2022_fig1d_digitized,blue_trace,blue_trace:565,565,301.5,772.318339,0.82571429,0.011428571428571429,"Nature Communications 13, 285 (2022), Fig. 1d; color mapping remains open",OPEN_COLOR_TO_GRATING_PERIOD
ding_2022_fig1d_digitized,blue_trace,blue_trace:566,566,301.5,776.470588,0.82571429,0.011428571428571429,"Nature Communications 13, 285 (2022), Fig. 1d; color mapping remains open",OPEN_COLOR_TO_GRATING_PERIOD
ding_2022_fig1d_digitized,blue_trace,blue_trace:569,569,466.5,788.927336,-0.11714286,0.011428571428571429,"Nature Communications 13, 285 (2022), Fig. 1d; color mapping remains open",OPEN_COLOR_TO_GRATING_PERIOD
ding_2022_fig1d_digitized,blue_trace,blue_trace:570,570,467.0,793.079585,-0.12,0.011428571428571429,"Nature Communications 13, 285 (2022), Fig. 1d; color mapping remains open",OPEN_COLOR_TO_GRATING_PERIOD
ding_2022_fig1d_digitized,blue_trace,blue_trace:571,571,468.0,797.231834,-0.12571429,0.011428571428571429,"Nature Communications 13, 285 (2022), Fig. 1d; color mapping remains open",OPEN_COLOR_TO_GRATING_PERIOD
ding_2022_fig1d_digitized,blue_trace,blue_trace:572,572,468.5,801.384083,-0.12857143,0.011428571428571429,"Nature Communications 13, 285 (2022), Fig. 1d; color mapping remains open",OPEN_COLOR_TO_GRATING_PERIOD
ding_2022_fig1d_digitized,blue_trace,blue_trace:578,578,301.0,826.297578,0.82857143,0.011428571428571429,"Nature Communications 13, 285 (2022), Fig. 1d; color mapping remains open",OPEN_COLOR_TO_GRATING_PERIOD
ding_2022_fig1d_digitized,blue_trace,blue_trace:579,579,301.0,830.449827,0.82857143,0.011428571428571429,"Nature Communications 13, 285 (2022), Fig. 1d; color mapping remains open",OPEN_COLOR_TO_GRATING_PERIOD
ding_2022_fig1d_digitized,blue_trace,blue_trace:580,580,301.0,834.602076,0.82857143,0.011428571428571429,"Nature Communications 13, 285 (2022), Fig. 1d; color mapping remains open",OPEN_COLOR_TO_GRATING_PERIOD
ding_2022_fig1d_digitized,blue_trace,blue_trace:581,581,301.0,838.754325,0.82857143,0.011428571428571429,"Nature Communications 13, 285 (2022), Fig. 1d; color mapping remains open",OPEN_COLOR_TO_GRATING_PERIOD
ding_2022_fig1d_digitized,blue_trace,blue_trace:582,582,301.0,842.906574,0.82857143,0.011428571428571429,"Nature Communications 13, 285 (2022), Fig. 1d; color mapping remains open",OPEN_COLOR_TO_GRATING_PERIOD
ding_2022_fig1d_digitized,blue_trace,blue_trace:583,583,301.0,847.058824,0.82857143,0.011428571428571429,"Nature Communications 13, 285 (2022), Fig. 1d; color mapping remains open",OPEN_COLOR_TO_GRATING_PERIOD
ding_2022_fig1d_digitized,blue_trace,blue_trace:584,584,386.0,851.211073,0.34285714,0.011428571428571429,"Nature Communications 13, 285 (2022), Fig. 1d; color mapping remains open",OPEN_COLOR_TO_GRATING_PERIOD
ding_2022_fig1d_digitized,blue_trace,blue_trace:585,585,470.0,855.363322,-0.13714286,0.011428571428571429,"Nature Communications 13, 285 (2022), Fig. 1d; color mapping remains open",OPEN_COLOR_TO_GRATING_PERIOD
ding_2022_fig1d_digitized,blue_trace,blue_trace:586,586,470.0,859.515571,-0.13714286,0.011428571428571429,"Nature Communications 13, 285 (2022), Fig. 1d; color mapping remains open",OPEN_COLOR_TO_GRATING_PERIOD
ding_2022_fig1d_digitized,blue_trace,blue_trace:587,587,385.5,863.66782,0.34571429,0.011428571428571429,"Nature Communications 13, 285 (2022), Fig. 1d; color mapping remains open",OPEN_COLOR_TO_GRATING_PERIOD
ding_2022_fig1d_digitized,blue_trace,blue_trace:588,588,301.0,867.820069,0.82857143,0.011428571428571429,"Nature Communications 13, 285 (2022), Fig. 1d; color mapping remains open",OPEN_COLOR_TO_GRATING_PERIOD
ding_2022_fig1d_digitized,blue_trace,blue_trace:589,589,301.0,871.972318,0.82857143,0.011428571428571429,"Nature Communications 13, 285 (2022), Fig. 1d; color mapping remains open",OPEN_COLOR_TO_GRATING_PERIOD
ding_2022_fig1d_digitized,blue_trace,blue_trace:590,590,301.0,876.124567,0.82857143,0.011428571428571429,"Nature Communications 13, 285 (2022), Fig. 1d; color mapping remains open",OPEN_COLOR_TO_GRATING_PERIOD
ding_2022_fig1d_digitized,blue_trace,blue_trace:591,591,466.0,880.276817,-0.11428571,0.011428571428571429,"Nature Communications 13, 285 (2022), Fig. 1d; color mapping remains open",OPEN_COLOR_TO_GRATING_PERIOD
ding_2022_fig1d_digitized,blue_trace,blue_trace:592,592,383.5,884.429066,0.35714286,0.011428571428571429,"Nature Communications 13, 285 (2022), Fig. 1d; color mapping remains open",OPEN_COLOR_TO_GRATING_PERIOD
ding_2022_fig1d_digitized,blue_trace,blue_trace:593,593,465.0,888.581315,-0.10857143,0.011428571428571429,"Nature Communications 13, 285 (2022), Fig. 1d; color mapping remains open",OPEN_COLOR_TO_GRATING_PERIOD
ding_2022_fig1d_digitized,blue_trace,blue_trace:594,594,465.0,892.733564,-0.10857143,0.011428571428571429,"Nature Communications 13, 285 (2022), Fig. 1d; color mapping remains open",OPEN_COLOR_TO_GRATING_PERIOD
ding_2022_fig1d_digitized,blue_trace,blue_trace:595,595,301.0,896.885813,0.82857143,0.011428571428571429,"Nature Communications 13, 285 (2022), Fig. 1d; color mapping remains open",OPEN_COLOR_TO_GRATING_PERIOD
ding_2022_fig1d_digitized,blue_trace,blue_trace:596,596,301.0,901.038062,0.82857143,0.011428571428571429,"Nature Communications 13, 285 (2022), Fig. 1d; color mapping remains open",OPEN_COLOR_TO_GRATING_PERIOD
ding_2022_fig1d_digitized,blue_trace,blue_trace:597,597,301.0,905.190311,0.82857143,0.011428571428571429,"Nature Communications 13, 285 (2022), Fig. 1d; color mapping remains open",OPEN_COLOR_TO_GRATING_PERIOD
ding_2022_fig1d_digitized,blue_trace,blue_trace:599,599,467.0,913.49481,-0.12,0.011428571428571429,"Nature Communications 13, 285 (2022), Fig. 1d; color mapping remains open",OPEN_COLOR_TO_GRATING_PERIOD
ding_2022_fig1d_digitized,blue_trace,blue_trace:600,600,467.5,917.647059,-0.12285714,0.011428571428571429,"Nature Communications 13, 285 (2022), Fig. 1d; color mapping remains open",OPEN_COLOR_TO_GRATING_PERIOD
ding_2022_fig1d_digitized,blue_trace,blue_trace:601,601,467.5,921.799308,-0.12285714,0.011428571428571429,"Nature Communications 13, 285 (2022), Fig. 1d; color mapping remains open",OPEN_COLOR_TO_GRATING_PERIOD
ding_2022_fig1d_digitized,blue_trace,blue_trace:602,602,467.5,925.951557,-0.12285714,0.011428571428571429,"Nature Communications 13, 285 (2022), Fig. 1d; color mapping remains open",OPEN_COLOR_TO_GRATING_PERIOD
ding_2022_fig1d_digitized,blue_trace,blue_trace:603,603,468.0,930.103806,-0.12571429,0.011428571428571429,"Nature Communications 13, 285 (2022), Fig. 1d; color mapping remains open",OPEN_COLOR_TO_GRATING_PERIOD
ding_2022_fig1d_digitized,blue_trace,blue_trace:608,608,466.5,950.865052,-0.11714286,0.011428571428571429,"Nature Communications 13, 285 (2022), Fig. 1d; color mapping remains open",OPEN_COLOR_TO_GRATING_PERIOD
ding_2022_fig1d_digitized,blue_trace,blue_trace:609,609,466.5,955.017301,-0.11714286,0.011428571428571429,"Nature Communications 13, 285 (2022), Fig. 1d; color mapping remains open",OPEN_COLOR_TO_GRATING_PERIOD
ding_2022_fig1d_digitized,blue_trace,blue_trace:610,610,465.5,959.16955,-0.11142857,0.011428571428571429,"Nature Communications 13, 285 (2022), Fig. 1d; color mapping remains open",OPEN_COLOR_TO_GRATING_PERIOD
ding_2022_fig1d_digitized,blue_trace,blue_trace:611,611,465.0,963.321799,-0.10857143,0.011428571428571429,"Nature Communications 13, 285 (2022), Fig. 1d; color mapping remains open",OPEN_COLOR_TO_GRATING_PERIOD
ding_2022_fig1d_digitized,blue_trace,blue_trace:615,615,462.0,979.930796,-0.09142857,0.011428571428571429,"Nature Communications 13, 285 (2022), Fig. 1d; color mapping remains open",OPEN_COLOR_TO_GRATING_PERIOD
ding_2022_fig1d_digitized,blue_trace,blue_trace:616,616,461.5,984.083045,-0.08857143,0.011428571428571429,"Nature Communications 13, 285 (2022), Fig. 1d; color mapping remains open",OPEN_COLOR_TO_GRATING_PERIOD
ding_2022_fig1d_digitized,blue_trace,blue_trace:617,617,461.5,988.235294,-0.08857143,0.011428571428571429,"Nature Communications 13, 285 (2022), Fig. 1d; color mapping remains open",OPEN_COLOR_TO_GRATING_PERIOD
ding_2022_fig1d_digitized,blue_trace,blue_trace:618,618,461.5,992.387543,-0.08857143,0.011428571428571429,"Nature Communications 13, 285 (2022), Fig. 1d; color mapping remains open",OPEN_COLOR_TO_GRATING_PERIOD
ding_2022_fig1d_digitized,blue_trace,blue_trace:619,619,461.5,996.539792,-0.08857143,0.011428571428571429,"Nature Communications 13, 285 (2022), Fig. 1d; color mapping remains open",OPEN_COLOR_TO_GRATING_PERIOD
ding_2022_fig1d_digitized,blue_trace,blue_trace:623,623,464.0,1013.148789,-0.10285714,0.011428571428571429,"Nature Communications 13, 285 (2022), Fig. 1d; color mapping remains open",OPEN_COLOR_TO_GRATING_PERIOD
ding_2022_fig1d_digitized,blue_trace,blue_trace:624,624,464.5,1017.301038,-0.10571429,0.011428571428571429,"Nature Communications 13, 285 (2022), Fig. 1d; color mapping remains open",OPEN_COLOR_TO_GRATING_PERIOD
ding_2022_fig1d_digitized,blue_trace,blue_trace:625,625,465.5,1021.453287,-0.11142857,0.011428571428571429,"Nature Communications 13, 285 (2022), Fig. 1d; color mapping remains open",OPEN_COLOR_TO_GRATING_PERIOD
ding_2022_fig1d_digitized,blue_trace,blue_trace:626,626,466.0,1025.605536,-0.11428571,0.011428571428571429,"Nature Communications 13, 285 (2022), Fig. 1d; color mapping remains open",OPEN_COLOR_TO_GRATING_PERIOD
ding_2022_fig1d_digitized,blue_trace,blue_trace:631,631,468.5,1046.366782,-0.12857143,0.011428571428571429,"Nature Communications 13, 285 (2022), Fig. 1d; color mapping remains open",OPEN_COLOR_TO_GRATING_PERIOD
ding_2022_fig1d_digitized,blue_trace,blue_trace:632,632,469.5,1050.519031,-0.13428571,0.011428571428571429,"Nature Communications 13, 285 (2022), Fig. 1d; color mapping remains open",OPEN_COLOR_TO_GRATING_PERIOD
ding_2022_fig1d_digitized,blue_trace,blue_trace:633,633,469.5,1054.67128,-0.13428571,0.011428571428571429,"Nature Communications 13, 285 (2022), Fig. 1d; color mapping remains open",OPEN_COLOR_TO_GRATING_PERIOD
ding_2022_fig1d_digitized,blue_trace,blue_trace:634,634,469.0,1058.823529,-0.13142857,0.011428571428571429,"Nature Communications 13, 285 (2022), Fig. 1d; color mapping remains open",OPEN_COLOR_TO_GRATING_PERIOD
ding_2022_fig1d_digitized,blue_trace,blue_trace:639,639,468.0,1079.584775,-0.12571429,0.011428571428571429,"Nature Communications 13, 285 (2022), Fig. 1d; color mapping remains open",OPEN_COLOR_TO_GRATING_PERIOD
ding_2022_fig1d_digitized,blue_trace,blue_trace:640,640,468.0,1083.737024,-0.12571429,0.011428571428571429,"Nature Communications 13, 285 (2022), Fig. 1d; color mapping remains open",OPEN_COLOR_TO_GRATING_PERIOD
ding_2022_fig1d_digitized,blue_trace,blue_trace:641,641,468.5,1087.889273,-0.12857143,0.011428571428571429,"Nature Communications 13, 285 (2022), Fig. 1d; color mapping remains open",OPEN_COLOR_TO_GRATING_PERIOD
ding_2022_fig1d_digitized,blue_trace,blue_trace:642,642,468.5,1092.041522,-0.12857143,0.011428571428571429,"Nature Communications 13, 285 (2022), Fig. 1d; color mapping remains open",OPEN_COLOR_TO_GRATING_PERIOD
ding_2022_fig1d_digitized,blue_trace,blue_trace:643,643,468.5,1096.193772,-0.12857143,0.011428571428571429,"Nature Communications 13, 285 (2022), Fig. 1d; color mapping remains open",OPEN_COLOR_TO_GRATING_PERIOD
